Coral_ID,Date,Percent_white_both_sides,Treatment,Crab_treatment,Algae_treatment,Wounding_treatment,Tank_ID,HOBO_ID,Initial_algal_biomass_g,Death_day,Death_day_ymd,Perc_tissue_loss
1,2020-01-31,0,NNW,N,N,Y,1,10550960,NA,2/5/20,20200205,0
1,2020-02-04,35,NNW,N,N,Y,1,10550960,NA,2/5/20,20200205,35
1,2020-02-05,55,NNW,N,N,Y,1,10550960,NA,2/5/20,20200205,20
2,2020-01-31,0,NAW,N,Y,Y,1,NA,5.11,2/5/20,20200205,0
2,2020-02-04,26.5,NAW,N,Y,Y,1,NA,5.11,2/5/20,20200205,26.5
2,2020-02-05,37.5,NAW,N,Y,Y,1,NA,5.11,2/5/20,20200205,11
3,2020-01-31,0,CNN,Y,N,N,1,NA,NA,2/23/20,20200223,0
3,2020-02-04,2.5,CNN,Y,N,N,1,NA,NA,2/23/20,20200223,2.5
3,2020-02-05,2.5,CNN,Y,N,N,1,NA,NA,2/23/20,20200223,0
3,2020-02-06,2.5,CNN,Y,N,N,1,NA,NA,2/23/20,20200223,0
3,2020-02-07,2.5,CNN,Y,N,N,1,NA,NA,2/23/20,20200223,0
3,2020-02-08,2.5,CNN,Y,N,N,1,NA,NA,2/23/20,20200223,0
3,2020-02-09,2.5,CNN,Y,N,N,1,NA,NA,2/23/20,20200223,0
3,2020-02-10,2.5,CNN,Y,N,N,1,NA,NA,2/23/20,20200223,0
3,2020-02-11,2.5,CNN,Y,N,N,1,NA,NA,2/23/20,20200223,0
3,2020-02-12,2,CNN,Y,N,N,1,NA,NA,2/23/20,20200223,0
3,2020-02-13,2,CNN,Y,N,N,1,NA,NA,2/23/20,20200223,0
3,2020-02-14,2,CNN,Y,N,N,1,NA,NA,2/23/20,20200223,0
3,2020-02-15,2,CNN,Y,N,N,1,NA,NA,2/23/20,20200223,0
3,2020-02-16,2.5,CNN,Y,N,N,1,NA,NA,2/23/20,20200223,0.5
3,2020-02-17,5,CNN,Y,N,N,1,NA,NA,2/23/20,20200223,2.5
3,2020-02-18,10,CNN,Y,N,N,1,NA,NA,2/23/20,20200223,5
3,2020-02-19,20,CNN,Y,N,N,1,NA,NA,2/23/20,20200223,10
3,2020-02-20,26.5,CNN,Y,N,N,1,NA,NA,2/23/20,20200223,6.5
3,2020-02-21,30,CNN,Y,N,N,1,NA,NA,2/23/20,20200223,3.5
3,2020-02-22,39,CNN,Y,N,N,1,NA,NA,2/23/20,20200223,9
3,2020-02-23,50,CNN,Y,N,N,1,NA,NA,2/23/20,20200223,11
4,2020-01-31,0,CAN,Y,Y,N,1,NA,5.03,2/11/20,20200211,0
4,2020-02-04,7.5,CAN,Y,Y,N,1,NA,5.03,2/11/20,20200211,7.5
4,2020-02-05,22.5,CAN,Y,Y,N,1,NA,5.03,2/11/20,20200211,15
4,2020-02-06,22.5,CAN,Y,Y,N,1,NA,5.03,2/11/20,20200211,0
4,2020-02-07,27.5,CAN,Y,Y,N,1,NA,5.03,2/11/20,20200211,5
4,2020-02-08,30,CAN,Y,Y,N,1,NA,5.03,2/11/20,20200211,2.5
4,2020-02-09,30,CAN,Y,Y,N,1,NA,5.03,2/11/20,20200211,0
4,2020-02-10,35,CAN,Y,Y,N,1,NA,5.03,2/11/20,20200211,5
4,2020-02-11,45,CAN,Y,Y,N,1,NA,5.03,2/11/20,20200211,10
5,2020-01-31,2.5,NAN,N,Y,N,2,NA,6.1,2/5/20,20200205,0
5,2020-02-04,26.5,NAN,N,Y,N,2,NA,6.1,2/5/20,20200205,24
5,2020-02-05,55,NAN,N,Y,N,2,NA,6.1,2/5/20,20200205,28.5
6,2020-01-31,0,NNN,N,N,N,2,NA,NA,2/5/20,20200205,0
6,2020-02-04,20,NNN,N,N,N,2,NA,NA,2/5/20,20200205,20
6,2020-02-05,70,NNN,N,N,N,2,NA,NA,2/5/20,20200205,50
7,2020-01-31,2.5,CAW,Y,Y,Y,2,NA,7.93,NA,NA,0
7,2020-02-04,15,CAW,Y,Y,Y,2,NA,7.93,NA,NA,12.5
7,2020-02-05,20,CAW,Y,Y,Y,2,NA,7.93,NA,NA,5
7,2020-02-06,20,CAW,Y,Y,Y,2,NA,7.93,NA,NA,0
7,2020-02-07,20,CAW,Y,Y,Y,2,NA,7.93,NA,NA,0
7,2020-02-08,22.5,CAW,Y,Y,Y,2,NA,7.93,NA,NA,2.5
7,2020-02-09,30,CAW,Y,Y,Y,2,NA,7.93,NA,NA,7.5
7,2020-02-10,30,CAW,Y,Y,Y,2,NA,7.93,NA,NA,0
7,2020-02-11,30,CAW,Y,Y,Y,2,NA,7.93,NA,NA,0
7,2020-02-12,30,CAW,Y,Y,Y,2,NA,7.93,NA,NA,0
7,2020-02-13,30,CAW,Y,Y,Y,2,NA,7.93,NA,NA,0
7,2020-02-14,30,CAW,Y,Y,Y,2,NA,7.93,NA,NA,0
7,2020-02-15,30,CAW,Y,Y,Y,2,NA,7.93,NA,NA,0
8,2020-01-31,0,CNW,Y,N,Y,2,10568876,NA,2/25/20,20200225,0
8,2020-02-04,2.5,CNW,Y,N,Y,2,10568876,NA,2/25/20,20200225,2.5
8,2020-02-05,2.5,CNW,Y,N,Y,2,10568876,NA,2/25/20,20200225,0
8,2020-02-06,2.5,CNW,Y,N,Y,2,10568876,NA,2/25/20,20200225,0
8,2020-02-07,2.5,CNW,Y,N,Y,2,10568876,NA,2/25/20,20200225,0
8,2020-02-08,2.5,CNW,Y,N,Y,2,10568876,NA,2/25/20,20200225,0
8,2020-02-09,2.5,CNW,Y,N,Y,2,10568876,NA,2/25/20,20200225,0
8,2020-02-10,2.5,CNW,Y,N,Y,2,10568876,NA,2/25/20,20200225,0
8,2020-02-11,2.5,CNW,Y,N,Y,2,10568876,NA,2/25/20,20200225,0
8,2020-02-12,2.5,CNW,Y,N,Y,2,10568876,NA,2/25/20,20200225,0
8,2020-02-13,2.5,CNW,Y,N,Y,2,10568876,NA,2/25/20,20200225,0
8,2020-02-14,2.5,CNW,Y,N,Y,2,10568876,NA,2/25/20,20200225,0
8,2020-02-15,2.5,CNW,Y,N,Y,2,10568876,NA,2/25/20,20200225,0
8,2020-02-16,2.5,CNW,Y,N,Y,2,10568876,NA,2/25/20,20200225,0
8,2020-02-17,2.5,CNW,Y,N,Y,2,10568876,NA,2/25/20,20200225,0
8,2020-02-18,2.5,CNW,Y,N,Y,2,10568876,NA,2/25/20,20200225,0
8,2020-02-19,2.5,CNW,Y,N,Y,2,10568876,NA,2/25/20,20200225,0
8,2020-02-20,2.5,CNW,Y,N,Y,2,10568876,NA,2/25/20,20200225,0
8,2020-02-21,2.5,CNW,Y,N,Y,2,10568876,NA,2/25/20,20200225,0
8,2020-02-22,2.5,CNW,Y,N,Y,2,10568876,NA,2/25/20,20200225,0
8,2020-02-23,2.5,CNW,Y,N,Y,2,10568876,NA,2/25/20,20200225,0
8,2020-02-24,2.5,CNW,Y,N,Y,2,10568876,NA,2/25/20,20200225,0
8,2020-02-25,2.5,CNW,Y,N,Y,2,10568876,NA,2/25/20,20200225,0
9,2020-01-31,0,NAW,N,Y,Y,3,NA,6.8,2/10/20,20200210,0
9,2020-02-04,11.5,NAW,N,Y,Y,3,NA,6.8,2/10/20,20200210,11.5
9,2020-02-05,16.5,NAW,N,Y,Y,3,NA,6.8,2/10/20,20200210,5
9,2020-02-06,19,NAW,N,Y,Y,3,NA,6.8,2/10/20,20200210,2.5
9,2020-02-07,30,NAW,N,Y,Y,3,NA,6.8,2/10/20,20200210,11
9,2020-02-08,35,NAW,N,Y,Y,3,NA,6.8,2/10/20,20200210,5
9,2020-02-09,37.5,NAW,N,Y,Y,3,NA,6.8,2/10/20,20200210,2.5
9,2020-02-10,50,NAW,N,Y,Y,3,NA,6.8,2/10/20,20200210,12.5
10,2020-01-31,0,NNW,N,N,Y,3,NA,NA,2/25/20,20200225,0
10,2020-02-04,0,NNW,N,N,Y,3,NA,NA,2/25/20,20200225,0
10,2020-02-05,0,NNW,N,N,Y,3,NA,NA,2/25/20,20200225,0
10,2020-02-06,2.5,NNW,N,N,Y,3,NA,NA,2/25/20,20200225,2.5
10,2020-02-07,3.5,NNW,N,N,Y,3,NA,NA,2/25/20,20200225,1
10,2020-02-08,4,NNW,N,N,Y,3,NA,NA,2/25/20,20200225,0.5
10,2020-02-09,4.5,NNW,N,N,Y,3,NA,NA,2/25/20,20200225,0.5
10,2020-02-10,4.5,NNW,N,N,Y,3,NA,NA,2/25/20,20200225,0
10,2020-02-11,4.5,NNW,N,N,Y,3,NA,NA,2/25/20,20200225,0
10,2020-02-12,4.5,NNW,N,N,Y,3,NA,NA,2/25/20,20200225,0
10,2020-02-13,4.5,NNW,N,N,Y,3,NA,NA,2/25/20,20200225,0
10,2020-02-14,4.5,NNW,N,N,Y,3,NA,NA,2/25/20,20200225,0
10,2020-02-15,4.5,NNW,N,N,Y,3,NA,NA,2/25/20,20200225,0
10,2020-02-16,5,NNW,N,N,Y,3,NA,NA,2/25/20,20200225,0.5
10,2020-02-17,5,NNW,N,N,Y,3,NA,NA,2/25/20,20200225,0
10,2020-02-18,5,NNW,N,N,Y,3,NA,NA,2/25/20,20200225,0
10,2020-02-19,5,NNW,N,N,Y,3,NA,NA,2/25/20,20200225,0
10,2020-02-20,5,NNW,N,N,Y,3,NA,NA,2/25/20,20200225,0
10,2020-02-21,5,NNW,N,N,Y,3,NA,NA,2/25/20,20200225,0
10,2020-02-22,5,NNW,N,N,Y,3,NA,NA,2/25/20,20200225,0
10,2020-02-23,5,NNW,N,N,Y,3,NA,NA,2/25/20,20200225,0
10,2020-02-24,5,NNW,N,N,Y,3,NA,NA,2/25/20,20200225,0
10,2020-02-25,5,NNW,N,N,Y,3,NA,NA,2/25/20,20200225,0
11,2020-01-31,0,CAW,Y,Y,Y,3,NA,7.71,2/25/20,20200225,0
11,2020-02-04,10,CAW,Y,Y,Y,3,NA,7.71,2/25/20,20200225,10
11,2020-02-05,10,CAW,Y,Y,Y,3,NA,7.71,2/25/20,20200225,0
11,2020-02-06,10,CAW,Y,Y,Y,3,NA,7.71,2/25/20,20200225,0
11,2020-02-07,10,CAW,Y,Y,Y,3,NA,7.71,2/25/20,20200225,0
11,2020-02-08,10,CAW,Y,Y,Y,3,NA,7.71,2/25/20,20200225,0
11,2020-02-09,10,CAW,Y,Y,Y,3,NA,7.71,2/25/20,20200225,0
11,2020-02-10,10,CAW,Y,Y,Y,3,NA,7.71,2/25/20,20200225,0
11,2020-02-11,10,CAW,Y,Y,Y,3,NA,7.71,2/25/20,20200225,0
11,2020-02-12,10,CAW,Y,Y,Y,3,NA,7.71,2/25/20,20200225,0
11,2020-02-13,10,CAW,Y,Y,Y,3,NA,7.71,2/25/20,20200225,0
11,2020-02-14,10,CAW,Y,Y,Y,3,NA,7.71,2/25/20,20200225,0
11,2020-02-15,10,CAW,Y,Y,Y,3,NA,7.71,2/25/20,20200225,0
11,2020-02-16,9.5,CAW,Y,Y,Y,3,NA,7.71,2/25/20,20200225,0
11,2020-02-17,9.5,CAW,Y,Y,Y,3,NA,7.71,2/25/20,20200225,0
11,2020-02-18,9,CAW,Y,Y,Y,3,NA,7.71,2/25/20,20200225,0
11,2020-02-19,9,CAW,Y,Y,Y,3,NA,7.71,2/25/20,20200225,0
11,2020-02-20,8.5,CAW,Y,Y,Y,3,NA,7.71,2/25/20,20200225,0
11,2020-02-21,8.5,CAW,Y,Y,Y,3,NA,7.71,2/25/20,20200225,0
11,2020-02-22,8,CAW,Y,Y,Y,3,NA,7.71,2/25/20,20200225,0
11,2020-02-23,8,CAW,Y,Y,Y,3,NA,7.71,2/25/20,20200225,0
11,2020-02-24,7.5,CAW,Y,Y,Y,3,NA,7.71,2/25/20,20200225,0
11,2020-02-25,7.5,CAW,Y,Y,Y,3,NA,7.71,2/25/20,20200225,0
12,2020-01-31,0,CNN,Y,N,N,3,NA,NA,2/25/20,20200225,0
12,2020-02-04,2.5,CNN,Y,N,N,3,NA,NA,2/25/20,20200225,2.5
12,2020-02-05,2.5,CNN,Y,N,N,3,NA,NA,2/25/20,20200225,0
12,2020-02-06,2.5,CNN,Y,N,N,3,NA,NA,2/25/20,20200225,0
12,2020-02-07,2.5,CNN,Y,N,N,3,NA,NA,2/25/20,20200225,0
12,2020-02-08,2.5,CNN,Y,N,N,3,NA,NA,2/25/20,20200225,0
12,2020-02-09,2.5,CNN,Y,N,N,3,NA,NA,2/25/20,20200225,0
12,2020-02-10,2.5,CNN,Y,N,N,3,NA,NA,2/25/20,20200225,0
12,2020-02-11,2.5,CNN,Y,N,N,3,NA,NA,2/25/20,20200225,0
12,2020-02-12,2.5,CNN,Y,N,N,3,NA,NA,2/25/20,20200225,0
12,2020-02-13,2.5,CNN,Y,N,N,3,NA,NA,2/25/20,20200225,0
12,2020-02-14,2.5,CNN,Y,N,N,3,NA,NA,2/25/20,20200225,0
12,2020-02-15,2.5,CNN,Y,N,N,3,NA,NA,2/25/20,20200225,0
12,2020-02-16,2.5,CNN,Y,N,N,3,NA,NA,2/25/20,20200225,0
12,2020-02-17,2.5,CNN,Y,N,N,3,NA,NA,2/25/20,20200225,0
12,2020-02-18,2.5,CNN,Y,N,N,3,NA,NA,2/25/20,20200225,0
12,2020-02-19,2.5,CNN,Y,N,N,3,NA,NA,2/25/20,20200225,0
12,2020-02-20,2.5,CNN,Y,N,N,3,NA,NA,2/25/20,20200225,0
12,2020-02-21,2.5,CNN,Y,N,N,3,NA,NA,2/25/20,20200225,0
12,2020-02-22,2.5,CNN,Y,N,N,3,NA,NA,2/25/20,20200225,0
12,2020-02-23,2.5,CNN,Y,N,N,3,NA,NA,2/25/20,20200225,0
12,2020-02-24,2.5,CNN,Y,N,N,3,NA,NA,2/25/20,20200225,0
12,2020-02-25,2.5,CNN,Y,N,N,3,NA,NA,2/25/20,20200225,0
13,2020-01-31,2.5,NNN,N,N,N,4,NA,NA,2/25/20,20200225,0
13,2020-02-04,12.5,NNN,N,N,N,4,NA,NA,2/25/20,20200225,10
13,2020-02-05,12.5,NNN,N,N,N,4,NA,NA,2/25/20,20200225,0
13,2020-02-06,12.5,NNN,N,N,N,4,NA,NA,2/25/20,20200225,0
13,2020-02-07,12.5,NNN,N,N,N,4,NA,NA,2/25/20,20200225,0
13,2020-02-08,12.5,NNN,N,N,N,4,NA,NA,2/25/20,20200225,0
13,2020-02-09,12.5,NNN,N,N,N,4,NA,NA,2/25/20,20200225,0
13,2020-02-10,12.5,NNN,N,N,N,4,NA,NA,2/25/20,20200225,0
13,2020-02-11,12.5,NNN,N,N,N,4,NA,NA,2/25/20,20200225,0
13,2020-02-12,12.5,NNN,N,N,N,4,NA,NA,2/25/20,20200225,0
13,2020-02-13,12.5,NNN,N,N,N,4,NA,NA,2/25/20,20200225,0
13,2020-02-14,12.5,NNN,N,N,N,4,NA,NA,2/25/20,20200225,0
13,2020-02-15,12.5,NNN,N,N,N,4,NA,NA,2/25/20,20200225,0
13,2020-02-16,12.5,NNN,N,N,N,4,NA,NA,2/25/20,20200225,0
13,2020-02-17,12.5,NNN,N,N,N,4,NA,NA,2/25/20,20200225,0
13,2020-02-18,12.5,NNN,N,N,N,4,NA,NA,2/25/20,20200225,0
13,2020-02-19,12.5,NNN,N,N,N,4,NA,NA,2/25/20,20200225,0
13,2020-02-20,12.5,NNN,N,N,N,4,NA,NA,2/25/20,20200225,0
13,2020-02-21,12.5,NNN,N,N,N,4,NA,NA,2/25/20,20200225,0
13,2020-02-22,12.5,NNN,N,N,N,4,NA,NA,2/25/20,20200225,0
13,2020-02-23,12.5,NNN,N,N,N,4,NA,NA,2/25/20,20200225,0
13,2020-02-24,12.5,NNN,N,N,N,4,NA,NA,2/25/20,20200225,0
13,2020-02-25,12.5,NNN,N,N,N,4,NA,NA,2/25/20,20200225,0
14,2020-01-31,0,CAN,Y,Y,N,4,10551954,7.98,2/11/20,20200211,0
14,2020-02-04,10,CAN,Y,Y,N,4,10551954,7.98,2/11/20,20200211,10
14,2020-02-05,10,CAN,Y,Y,N,4,10551954,7.98,2/11/20,20200211,0
14,2020-02-06,10,CAN,Y,Y,N,4,10551954,7.98,2/11/20,20200211,0
14,2020-02-07,10,CAN,Y,Y,N,4,10551954,7.98,2/11/20,20200211,0
14,2020-02-08,17.5,CAN,Y,Y,N,4,10551954,7.98,2/11/20,20200211,7.5
14,2020-02-09,25,CAN,Y,Y,N,4,10551954,7.98,2/11/20,20200211,7.5
14,2020-02-10,32.5,CAN,Y,Y,N,4,10551954,7.98,2/11/20,20200211,7.5
14,2020-02-11,60,CAN,Y,Y,N,4,10551954,7.98,2/11/20,20200211,27.5
15,2020-01-31,1.25,CNW,Y,N,Y,4,NA,NA,2/25/20,20200225,0
15,2020-02-04,3.75,CNW,Y,N,Y,4,NA,NA,2/25/20,20200225,2.5
15,2020-02-05,3.75,CNW,Y,N,Y,4,NA,NA,2/25/20,20200225,0
15,2020-02-06,3.75,CNW,Y,N,Y,4,NA,NA,2/25/20,20200225,0
15,2020-02-07,5,CNW,Y,N,Y,4,NA,NA,2/25/20,20200225,1.25
15,2020-02-08,5,CNW,Y,N,Y,4,NA,NA,2/25/20,20200225,0
15,2020-02-09,5,CNW,Y,N,Y,4,NA,NA,2/25/20,20200225,0
15,2020-02-10,5,CNW,Y,N,Y,4,NA,NA,2/25/20,20200225,0
15,2020-02-11,5,CNW,Y,N,Y,4,NA,NA,2/25/20,20200225,0
15,2020-02-12,5,CNW,Y,N,Y,4,NA,NA,2/25/20,20200225,0
15,2020-02-13,5,CNW,Y,N,Y,4,NA,NA,2/25/20,20200225,0
15,2020-02-14,3.75,CNW,Y,N,Y,4,NA,NA,2/25/20,20200225,0
15,2020-02-15,3.75,CNW,Y,N,Y,4,NA,NA,2/25/20,20200225,0
15,2020-02-16,3.75,CNW,Y,N,Y,4,NA,NA,2/25/20,20200225,0
15,2020-02-17,2.5,CNW,Y,N,Y,4,NA,NA,2/25/20,20200225,0
15,2020-02-18,2.5,CNW,Y,N,Y,4,NA,NA,2/25/20,20200225,0
15,2020-02-19,2.5,CNW,Y,N,Y,4,NA,NA,2/25/20,20200225,0
15,2020-02-20,2.5,CNW,Y,N,Y,4,NA,NA,2/25/20,20200225,0
15,2020-02-21,2.5,CNW,Y,N,Y,4,NA,NA,2/25/20,20200225,0
15,2020-02-22,2.5,CNW,Y,N,Y,4,NA,NA,2/25/20,20200225,0
15,2020-02-23,2.5,CNW,Y,N,Y,4,NA,NA,2/25/20,20200225,0
15,2020-02-24,2.5,CNW,Y,N,Y,4,NA,NA,2/25/20,20200225,0
15,2020-02-25,2.5,CNW,Y,N,Y,4,NA,NA,2/25/20,20200225,0
16,2020-01-31,2.5,NAN,N,Y,N,4,NA,7.92,2/5/20,20200205,0
16,2020-02-04,40,NAN,N,Y,N,4,NA,7.92,2/5/20,20200205,37.5
16,2020-02-05,47.5,NAN,N,Y,N,4,NA,7.92,2/5/20,20200205,7.5
17,2020-01-31,5,NNN,N,N,N,5,10551953,NA,2/6/20,20200206,0
17,2020-02-04,5,NNN,N,N,N,5,10551953,NA,2/6/20,20200206,0
17,2020-02-05,15,NNN,N,N,N,5,10551953,NA,2/6/20,20200206,10
17,2020-02-06,60,NNN,N,N,N,5,10551953,NA,2/6/20,20200206,45
18,2020-01-31,0,NNW,N,N,Y,5,NA,NA,2/6/20,20200206,0
18,2020-02-04,2.5,NNW,N,N,Y,5,NA,NA,2/6/20,20200206,2.5
18,2020-02-05,12.5,NNW,N,N,Y,5,NA,NA,2/6/20,20200206,10
18,2020-02-06,65,NNW,N,N,Y,5,NA,NA,2/6/20,20200206,52.5
19,2020-01-31,0,NAW,N,Y,Y,5,NA,7.63,2/5/20,20200205,0
19,2020-02-04,5,NAW,N,Y,Y,5,NA,7.63,2/5/20,20200205,5
19,2020-02-05,42.5,NAW,N,Y,Y,5,NA,7.63,2/5/20,20200205,37.5
20,2020-01-31,2.5,NAN,N,Y,N,5,NA,7.57,2/5/20,20200205,0
20,2020-02-04,15,NAN,N,Y,N,5,NA,7.57,2/5/20,20200205,12.5
20,2020-02-05,65,NAN,N,Y,N,5,NA,7.57,2/5/20,20200205,50
21,2020-01-31,0,CAN,Y,Y,N,6,NA,8.16,2/25/20,20200225,0
21,2020-02-04,0,CAN,Y,Y,N,6,NA,8.16,2/25/20,20200225,0
21,2020-02-05,0,CAN,Y,Y,N,6,NA,8.16,2/25/20,20200225,0
21,2020-02-06,0,CAN,Y,Y,N,6,NA,8.16,2/25/20,20200225,0
21,2020-02-07,0,CAN,Y,Y,N,6,NA,8.16,2/25/20,20200225,0
21,2020-02-08,0,CAN,Y,Y,N,6,NA,8.16,2/25/20,20200225,0
21,2020-02-09,0,CAN,Y,Y,N,6,NA,8.16,2/25/20,20200225,0
21,2020-02-10,2.5,CAN,Y,Y,N,6,NA,8.16,2/25/20,20200225,2.5
21,2020-02-11,2.5,CAN,Y,Y,N,6,NA,8.16,2/25/20,20200225,0
21,2020-02-12,2.5,CAN,Y,Y,N,6,NA,8.16,2/25/20,20200225,0
21,2020-02-13,2.5,CAN,Y,Y,N,6,NA,8.16,2/25/20,20200225,0
21,2020-02-14,2.5,CAN,Y,Y,N,6,NA,8.16,2/25/20,20200225,0
21,2020-02-15,2.5,CAN,Y,Y,N,6,NA,8.16,2/25/20,20200225,0
21,2020-02-16,5,CAN,Y,Y,N,6,NA,8.16,2/25/20,20200225,2.5
21,2020-02-17,7.5,CAN,Y,Y,N,6,NA,8.16,2/25/20,20200225,2.5
21,2020-02-18,7.5,CAN,Y,Y,N,6,NA,8.16,2/25/20,20200225,0
21,2020-02-19,10,CAN,Y,Y,N,6,NA,8.16,2/25/20,20200225,2.5
21,2020-02-20,17.5,CAN,Y,Y,N,6,NA,8.16,2/25/20,20200225,7.5
21,2020-02-21,17.5,CAN,Y,Y,N,6,NA,8.16,2/25/20,20200225,0
21,2020-02-22,20,CAN,Y,Y,N,6,NA,8.16,2/25/20,20200225,2.5
21,2020-02-23,20,CAN,Y,Y,N,6,NA,8.16,2/25/20,20200225,0
21,2020-02-24,20,CAN,Y,Y,N,6,NA,8.16,2/25/20,20200225,0
21,2020-02-25,20,CAN,Y,Y,N,6,NA,8.16,2/25/20,20200225,0
22,2020-01-31,5,CNN,Y,N,N,6,NA,NA,2/25/20,20200225,0
22,2020-02-04,5,CNN,Y,N,N,6,NA,NA,2/25/20,20200225,0
22,2020-02-05,5,CNN,Y,N,N,6,NA,NA,2/25/20,20200225,0
22,2020-02-06,5,CNN,Y,N,N,6,NA,NA,2/25/20,20200225,0
22,2020-02-07,5,CNN,Y,N,N,6,NA,NA,2/25/20,20200225,0
22,2020-02-08,5,CNN,Y,N,N,6,NA,NA,2/25/20,20200225,0
22,2020-02-09,5,CNN,Y,N,N,6,NA,NA,2/25/20,20200225,0
22,2020-02-10,5,CNN,Y,N,N,6,NA,NA,2/25/20,20200225,0
22,2020-02-11,5,CNN,Y,N,N,6,NA,NA,2/25/20,20200225,0
22,2020-02-12,5,CNN,Y,N,N,6,NA,NA,2/25/20,20200225,0
22,2020-02-13,5,CNN,Y,N,N,6,NA,NA,2/25/20,20200225,0
22,2020-02-14,5,CNN,Y,N,N,6,NA,NA,2/25/20,20200225,0
22,2020-02-15,5,CNN,Y,N,N,6,NA,NA,2/25/20,20200225,0
22,2020-02-16,5,CNN,Y,N,N,6,NA,NA,2/25/20,20200225,0
22,2020-02-17,5,CNN,Y,N,N,6,NA,NA,2/25/20,20200225,0
22,2020-02-18,5,CNN,Y,N,N,6,NA,NA,2/25/20,20200225,0
22,2020-02-19,5,CNN,Y,N,N,6,NA,NA,2/25/20,20200225,0
22,2020-02-20,5,CNN,Y,N,N,6,NA,NA,2/25/20,20200225,0
22,2020-02-21,5,CNN,Y,N,N,6,NA,NA,2/25/20,20200225,0
22,2020-02-22,5,CNN,Y,N,N,6,NA,NA,2/25/20,20200225,0
22,2020-02-23,5,CNN,Y,N,N,6,NA,NA,2/25/20,20200225,0
22,2020-02-24,5,CNN,Y,N,N,6,NA,NA,2/25/20,20200225,0
22,2020-02-25,5,CNN,Y,N,N,6,NA,NA,2/25/20,20200225,0
23,2020-01-31,2.5,CNW,Y,N,Y,6,NA,NA,2/25/20,20200225,0
23,2020-02-04,5,CNW,Y,N,Y,6,NA,NA,2/25/20,20200225,2.5
23,2020-02-05,7.5,CNW,Y,N,Y,6,NA,NA,2/25/20,20200225,2.5
23,2020-02-06,7.5,CNW,Y,N,Y,6,NA,NA,2/25/20,20200225,0
23,2020-02-07,7.5,CNW,Y,N,Y,6,NA,NA,2/25/20,20200225,0
23,2020-02-08,7.5,CNW,Y,N,Y,6,NA,NA,2/25/20,20200225,0
23,2020-02-09,7.5,CNW,Y,N,Y,6,NA,NA,2/25/20,20200225,0
23,2020-02-10,7.5,CNW,Y,N,Y,6,NA,NA,2/25/20,20200225,0
23,2020-02-11,7.5,CNW,Y,N,Y,6,NA,NA,2/25/20,20200225,0
23,2020-02-12,7.5,CNW,Y,N,Y,6,NA,NA,2/25/20,20200225,0
23,2020-02-13,7.5,CNW,Y,N,Y,6,NA,NA,2/25/20,20200225,0
23,2020-02-14,7.5,CNW,Y,N,Y,6,NA,NA,2/25/20,20200225,0
23,2020-02-15,7.5,CNW,Y,N,Y,6,NA,NA,2/25/20,20200225,0
23,2020-02-16,7.5,CNW,Y,N,Y,6,NA,NA,2/25/20,20200225,0
23,2020-02-17,7.5,CNW,Y,N,Y,6,NA,NA,2/25/20,20200225,0
23,2020-02-18,7.5,CNW,Y,N,Y,6,NA,NA,2/25/20,20200225,0
23,2020-02-19,7.5,CNW,Y,N,Y,6,NA,NA,2/25/20,20200225,0
23,2020-02-20,7.5,CNW,Y,N,Y,6,NA,NA,2/25/20,20200225,0
23,2020-02-21,7.5,CNW,Y,N,Y,6,NA,NA,2/25/20,20200225,0
23,2020-02-22,7.5,CNW,Y,N,Y,6,NA,NA,2/25/20,20200225,0
23,2020-02-23,7.5,CNW,Y,N,Y,6,NA,NA,2/25/20,20200225,0
23,2020-02-24,7.5,CNW,Y,N,Y,6,NA,NA,2/25/20,20200225,0
23,2020-02-25,7.5,CNW,Y,N,Y,6,NA,NA,2/25/20,20200225,0
24,2020-01-31,0,CAW,Y,Y,Y,6,NA,6.51,2/25/20,20200225,0
24,2020-02-04,2.5,CAW,Y,Y,Y,6,NA,6.51,2/25/20,20200225,2.5
24,2020-02-05,2.5,CAW,Y,Y,Y,6,NA,6.51,2/25/20,20200225,0
24,2020-02-06,2.5,CAW,Y,Y,Y,6,NA,6.51,2/25/20,20200225,0
24,2020-02-07,3.75,CAW,Y,Y,Y,6,NA,6.51,2/25/20,20200225,1.25
24,2020-02-08,5,CAW,Y,Y,Y,6,NA,6.51,2/25/20,20200225,1.25
24,2020-02-09,5,CAW,Y,Y,Y,6,NA,6.51,2/25/20,20200225,0
24,2020-02-10,5,CAW,Y,Y,Y,6,NA,6.51,2/25/20,20200225,0
24,2020-02-11,5,CAW,Y,Y,Y,6,NA,6.51,2/25/20,20200225,0
24,2020-02-12,5,CAW,Y,Y,Y,6,NA,6.51,2/25/20,20200225,0
24,2020-02-13,5,CAW,Y,Y,Y,6,NA,6.51,2/25/20,20200225,0
24,2020-02-14,5,CAW,Y,Y,Y,6,NA,6.51,2/25/20,20200225,0
24,2020-02-15,5,CAW,Y,Y,Y,6,NA,6.51,2/25/20,20200225,0
24,2020-02-16,5,CAW,Y,Y,Y,6,NA,6.51,2/25/20,20200225,0
24,2020-02-17,5,CAW,Y,Y,Y,6,NA,6.51,2/25/20,20200225,0
24,2020-02-18,8,CAW,Y,Y,Y,6,NA,6.51,2/25/20,20200225,3
24,2020-02-19,9,CAW,Y,Y,Y,6,NA,6.51,2/25/20,20200225,1
24,2020-02-20,9,CAW,Y,Y,Y,6,NA,6.51,2/25/20,20200225,0
24,2020-02-21,9,CAW,Y,Y,Y,6,NA,6.51,2/25/20,20200225,0
24,2020-02-22,9,CAW,Y,Y,Y,6,NA,6.51,2/25/20,20200225,0
24,2020-02-23,9,CAW,Y,Y,Y,6,NA,6.51,2/25/20,20200225,0
24,2020-02-24,9,CAW,Y,Y,Y,6,NA,6.51,2/25/20,20200225,0
24,2020-02-25,9,CAW,Y,Y,Y,6,NA,6.51,2/25/20,20200225,0
25,2020-01-31,5,NAN,N,Y,N,7,NA,6.45,2/10/20,20200210,0
25,2020-02-04,7.5,NAN,N,Y,N,7,NA,6.45,2/10/20,20200210,2.5
25,2020-02-05,12.5,NAN,N,Y,N,7,NA,6.45,2/10/20,20200210,5
25,2020-02-06,20,NAN,N,Y,N,7,NA,6.45,2/10/20,20200210,7.5
25,2020-02-07,22.5,NAN,N,Y,N,7,NA,6.45,2/10/20,20200210,2.5
25,2020-02-08,25,NAN,N,Y,N,7,NA,6.45,2/10/20,20200210,2.5
25,2020-02-09,42.5,NAN,N,Y,N,7,NA,6.45,2/10/20,20200210,17.5
25,2020-02-10,55,NAN,N,Y,N,7,NA,6.45,2/10/20,20200210,12.5
26,2020-01-31,2.5,CNW,Y,N,Y,7,NA,NA,2/25/20,20200225,0
26,2020-02-04,7.5,CNW,Y,N,Y,7,NA,NA,2/25/20,20200225,5
26,2020-02-05,7.5,CNW,Y,N,Y,7,NA,NA,2/25/20,20200225,0
26,2020-02-06,7.5,CNW,Y,N,Y,7,NA,NA,2/25/20,20200225,0
26,2020-02-07,7.5,CNW,Y,N,Y,7,NA,NA,2/25/20,20200225,0
26,2020-02-08,7.5,CNW,Y,N,Y,7,NA,NA,2/25/20,20200225,0
26,2020-02-09,7.5,CNW,Y,N,Y,7,NA,NA,2/25/20,20200225,0
26,2020-02-10,7.5,CNW,Y,N,Y,7,NA,NA,2/25/20,20200225,0
26,2020-02-11,7.5,CNW,Y,N,Y,7,NA,NA,2/25/20,20200225,0
26,2020-02-12,7.5,CNW,Y,N,Y,7,NA,NA,2/25/20,20200225,0
26,2020-02-13,7.5,CNW,Y,N,Y,7,NA,NA,2/25/20,20200225,0
26,2020-02-14,7.5,CNW,Y,N,Y,7,NA,NA,2/25/20,20200225,0
26,2020-02-15,7.5,CNW,Y,N,Y,7,NA,NA,2/25/20,20200225,0
26,2020-02-16,7.5,CNW,Y,N,Y,7,NA,NA,2/25/20,20200225,0
26,2020-02-17,7.5,CNW,Y,N,Y,7,NA,NA,2/25/20,20200225,0
26,2020-02-18,7.5,CNW,Y,N,Y,7,NA,NA,2/25/20,20200225,0
26,2020-02-19,7.5,CNW,Y,N,Y,7,NA,NA,2/25/20,20200225,0
26,2020-02-20,7.5,CNW,Y,N,Y,7,NA,NA,2/25/20,20200225,0
26,2020-02-21,7.5,CNW,Y,N,Y,7,NA,NA,2/25/20,20200225,0
26,2020-02-22,7.5,CNW,Y,N,Y,7,NA,NA,2/25/20,20200225,0
26,2020-02-23,7.5,CNW,Y,N,Y,7,NA,NA,2/25/20,20200225,0
26,2020-02-24,7.5,CNW,Y,N,Y,7,NA,NA,2/25/20,20200225,0
26,2020-02-25,7.5,CNW,Y,N,Y,7,NA,NA,2/25/20,20200225,0
27,2020-01-31,0,NNN,N,N,N,7,NA,NA,2/25/20,20200225,0
27,2020-02-04,0,NNN,N,N,N,7,NA,NA,2/25/20,20200225,0
27,2020-02-05,2.5,NNN,N,N,N,7,NA,NA,2/25/20,20200225,2.5
27,2020-02-06,2.5,NNN,N,N,N,7,NA,NA,2/25/20,20200225,0
27,2020-02-07,3.75,NNN,N,N,N,7,NA,NA,2/25/20,20200225,1.25
27,2020-02-08,3.75,NNN,N,N,N,7,NA,NA,2/25/20,20200225,0
27,2020-02-09,3.75,NNN,N,N,N,7,NA,NA,2/25/20,20200225,0
27,2020-02-10,5,NNN,N,N,N,7,NA,NA,2/25/20,20200225,1.25
27,2020-02-11,5,NNN,N,N,N,7,NA,NA,2/25/20,20200225,0
27,2020-02-12,5,NNN,N,N,N,7,NA,NA,2/25/20,20200225,0
27,2020-02-13,5,NNN,N,N,N,7,NA,NA,2/25/20,20200225,0
27,2020-02-14,5,NNN,N,N,N,7,NA,NA,2/25/20,20200225,0
27,2020-02-15,5,NNN,N,N,N,7,NA,NA,2/25/20,20200225,0
27,2020-02-16,5,NNN,N,N,N,7,NA,NA,2/25/20,20200225,0
27,2020-02-17,5,NNN,N,N,N,7,NA,NA,2/25/20,20200225,0
27,2020-02-18,5,NNN,N,N,N,7,NA,NA,2/25/20,20200225,0
27,2020-02-19,5,NNN,N,N,N,7,NA,NA,2/25/20,20200225,0
27,2020-02-20,5,NNN,N,N,N,7,NA,NA,2/25/20,20200225,0
27,2020-02-21,6.25,NNN,N,N,N,7,NA,NA,2/25/20,20200225,1.25
27,2020-02-22,6.25,NNN,N,N,N,7,NA,NA,2/25/20,20200225,0
27,2020-02-23,6.25,NNN,N,N,N,7,NA,NA,2/25/20,20200225,0
27,2020-02-24,6.25,NNN,N,N,N,7,NA,NA,2/25/20,20200225,0
27,2020-02-25,6.25,NNN,N,N,N,7,NA,NA,2/25/20,20200225,0
28,2020-01-31,0,CAW,Y,Y,Y,7,10551961,7.7,2/25/20,20200225,0
28,2020-02-04,27.5,CAW,Y,Y,Y,7,10551961,7.7,2/25/20,20200225,27.5
28,2020-02-05,27.5,CAW,Y,Y,Y,7,10551961,7.7,2/25/20,20200225,0
28,2020-02-06,32.5,CAW,Y,Y,Y,7,10551961,7.7,2/25/20,20200225,5
28,2020-02-07,32.5,CAW,Y,Y,Y,7,10551961,7.7,2/25/20,20200225,0
28,2020-02-08,32.5,CAW,Y,Y,Y,7,10551961,7.7,2/25/20,20200225,0
28,2020-02-09,32.5,CAW,Y,Y,Y,7,10551961,7.7,2/25/20,20200225,0
28,2020-02-10,32.5,CAW,Y,Y,Y,7,10551961,7.7,2/25/20,20200225,0
28,2020-02-11,32.5,CAW,Y,Y,Y,7,10551961,7.7,2/25/20,20200225,0
28,2020-02-12,32.5,CAW,Y,Y,Y,7,10551961,7.7,2/25/20,20200225,0
28,2020-02-13,32.5,CAW,Y,Y,Y,7,10551961,7.7,2/25/20,20200225,0
28,2020-02-14,32.5,CAW,Y,Y,Y,7,10551961,7.7,2/25/20,20200225,0
28,2020-02-15,32.5,CAW,Y,Y,Y,7,10551961,7.7,2/25/20,20200225,0
28,2020-02-16,32.5,CAW,Y,Y,Y,7,10551961,7.7,2/25/20,20200225,0
28,2020-02-17,32.5,CAW,Y,Y,Y,7,10551961,7.7,2/25/20,20200225,0
28,2020-02-18,32.5,CAW,Y,Y,Y,7,10551961,7.7,2/25/20,20200225,0
28,2020-02-19,32.5,CAW,Y,Y,Y,7,10551961,7.7,2/25/20,20200225,0
28,2020-02-20,32.5,CAW,Y,Y,Y,7,10551961,7.7,2/25/20,20200225,0
28,2020-02-21,32.5,CAW,Y,Y,Y,7,10551961,7.7,2/25/20,20200225,0
28,2020-02-22,32.5,CAW,Y,Y,Y,7,10551961,7.7,2/25/20,20200225,0
28,2020-02-23,32.5,CAW,Y,Y,Y,7,10551961,7.7,2/25/20,20200225,0
28,2020-02-24,32.5,CAW,Y,Y,Y,7,10551961,7.7,2/25/20,20200225,0
28,2020-02-25,32.5,CAW,Y,Y,Y,7,10551961,7.7,2/25/20,20200225,0
29,2020-01-31,2.5,NNW,N,N,Y,8,NA,NA,NA,NA,0
29,2020-02-04,3.75,NNW,N,N,Y,8,NA,NA,NA,NA,1.25
29,2020-02-05,6.25,NNW,N,N,Y,8,NA,NA,NA,NA,2.5
29,2020-02-06,6.25,NNW,N,N,Y,8,NA,NA,NA,NA,0
29,2020-02-07,6.25,NNW,N,N,Y,8,NA,NA,NA,NA,0
29,2020-02-08,6.25,NNW,N,N,Y,8,NA,NA,NA,NA,0
29,2020-02-09,6.25,NNW,N,N,Y,8,NA,NA,NA,NA,0
29,2020-02-10,6.25,NNW,N,N,Y,8,NA,NA,NA,NA,0
29,2020-02-11,6.25,NNW,N,N,Y,8,NA,NA,NA,NA,0
29,2020-02-12,6.25,NNW,N,N,Y,8,NA,NA,NA,NA,0
29,2020-02-13,7.5,NNW,N,N,Y,8,NA,NA,NA,NA,1.25
29,2020-02-14,7.5,NNW,N,N,Y,8,NA,NA,NA,NA,0
29,2020-02-15,8.75,NNW,N,N,Y,8,NA,NA,NA,NA,1.25
29,2020-02-16,8.75,NNW,N,N,Y,8,NA,NA,NA,NA,0
29,2020-02-17,8.75,NNW,N,N,Y,8,NA,NA,NA,NA,0
30,2020-01-31,0,NAW,N,Y,Y,8,NA,8.32,2/10/20,20200210,0
30,2020-02-04,20,NAW,N,Y,Y,8,NA,8.32,2/10/20,20200210,20
30,2020-02-05,22.5,NAW,N,Y,Y,8,NA,8.32,2/10/20,20200210,2.5
30,2020-02-06,27.5,NAW,N,Y,Y,8,NA,8.32,2/10/20,20200210,5
30,2020-02-07,30,NAW,N,Y,Y,8,NA,8.32,2/10/20,20200210,2.5
30,2020-02-08,32.5,NAW,N,Y,Y,8,NA,8.32,2/10/20,20200210,2.5
30,2020-02-09,37.5,NAW,N,Y,Y,8,NA,8.32,2/10/20,20200210,5
30,2020-02-10,50,NAW,N,Y,Y,8,NA,8.32,2/10/20,20200210,12.5
31,2020-01-31,0,CNN,Y,N,N,8,NA,NA,2/25/20,20200225,0
31,2020-02-04,0,CNN,Y,N,N,8,NA,NA,2/25/20,20200225,0
31,2020-02-05,0,CNN,Y,N,N,8,NA,NA,2/25/20,20200225,0
31,2020-02-06,0,CNN,Y,N,N,8,NA,NA,2/25/20,20200225,0
31,2020-02-07,0,CNN,Y,N,N,8,NA,NA,2/25/20,20200225,0
31,2020-02-08,0,CNN,Y,N,N,8,NA,NA,2/25/20,20200225,0
31,2020-02-09,0,CNN,Y,N,N,8,NA,NA,2/25/20,20200225,0
31,2020-02-10,0,CNN,Y,N,N,8,NA,NA,2/25/20,20200225,0
31,2020-02-11,0,CNN,Y,N,N,8,NA,NA,2/25/20,20200225,0
31,2020-02-12,0,CNN,Y,N,N,8,NA,NA,2/25/20,20200225,0
31,2020-02-13,0,CNN,Y,N,N,8,NA,NA,2/25/20,20200225,0
31,2020-02-14,0,CNN,Y,N,N,8,NA,NA,2/25/20,20200225,0
31,2020-02-15,0,CNN,Y,N,N,8,NA,NA,2/25/20,20200225,0
31,2020-02-16,0,CNN,Y,N,N,8,NA,NA,2/25/20,20200225,0
31,2020-02-17,0,CNN,Y,N,N,8,NA,NA,2/25/20,20200225,0
31,2020-02-18,0,CNN,Y,N,N,8,NA,NA,2/25/20,20200225,0
31,2020-02-19,0,CNN,Y,N,N,8,NA,NA,2/25/20,20200225,0
31,2020-02-20,0,CNN,Y,N,N,8,NA,NA,2/25/20,20200225,0
31,2020-02-21,0,CNN,Y,N,N,8,NA,NA,2/25/20,20200225,0
31,2020-02-22,0,CNN,Y,N,N,8,NA,NA,2/25/20,20200225,0
31,2020-02-23,0,CNN,Y,N,N,8,NA,NA,2/25/20,20200225,0
31,2020-02-24,0,CNN,Y,N,N,8,NA,NA,2/25/20,20200225,0
31,2020-02-25,0,CNN,Y,N,N,8,NA,NA,2/25/20,20200225,0
32,2020-01-31,0,CAN,Y,Y,N,8,NA,8.96,2/25/20,20200225,0
32,2020-02-04,1.25,CAN,Y,Y,N,8,NA,8.96,2/25/20,20200225,1.25
32,2020-02-05,15,CAN,Y,Y,N,8,NA,8.96,2/25/20,20200225,13.75
32,2020-02-06,20,CAN,Y,Y,N,8,NA,8.96,2/25/20,20200225,5
32,2020-02-07,25,CAN,Y,Y,N,8,NA,8.96,2/25/20,20200225,5
32,2020-02-08,27.5,CAN,Y,Y,N,8,NA,8.96,2/25/20,20200225,2.5
32,2020-02-09,27.5,CAN,Y,Y,N,8,NA,8.96,2/25/20,20200225,0
32,2020-02-10,30,CAN,Y,Y,N,8,NA,8.96,2/25/20,20200225,2.5
32,2020-02-11,30,CAN,Y,Y,N,8,NA,8.96,2/25/20,20200225,0
32,2020-02-12,32.5,CAN,Y,Y,N,8,NA,8.96,2/25/20,20200225,2.5
32,2020-02-13,32.5,CAN,Y,Y,N,8,NA,8.96,2/25/20,20200225,0
32,2020-02-14,35,CAN,Y,Y,N,8,NA,8.96,2/25/20,20200225,2.5
32,2020-02-15,37.5,CAN,Y,Y,N,8,NA,8.96,2/25/20,20200225,2.5
32,2020-02-16,37.5,CAN,Y,Y,N,8,NA,8.96,2/25/20,20200225,0
32,2020-02-17,37.5,CAN,Y,Y,N,8,NA,8.96,2/25/20,20200225,0
32,2020-02-18,37.5,CAN,Y,Y,N,8,NA,8.96,2/25/20,20200225,0
32,2020-02-19,37.5,CAN,Y,Y,N,8,NA,8.96,2/25/20,20200225,0
32,2020-02-20,37.5,CAN,Y,Y,N,8,NA,8.96,2/25/20,20200225,0
32,2020-02-21,37.5,CAN,Y,Y,N,8,NA,8.96,2/25/20,20200225,0
32,2020-02-22,37.5,CAN,Y,Y,N,8,NA,8.96,2/25/20,20200225,0
32,2020-02-23,37.5,CAN,Y,Y,N,8,NA,8.96,2/25/20,20200225,0
32,2020-02-24,37.5,CAN,Y,Y,N,8,NA,8.96,2/25/20,20200225,0
32,2020-02-25,40,CAN,Y,Y,N,8,NA,8.96,2/25/20,20200225,2.5
33,2020-01-31,0,NAW,N,Y,Y,9,NA,8.1,2/10/20,20200210,0
33,2020-02-04,7.5,NAW,N,Y,Y,9,NA,8.1,2/10/20,20200210,7.5
33,2020-02-05,17.5,NAW,N,Y,Y,9,NA,8.1,2/10/20,20200210,10
33,2020-02-06,20,NAW,N,Y,Y,9,NA,8.1,2/10/20,20200210,2.5
33,2020-02-07,30,NAW,N,Y,Y,9,NA,8.1,2/10/20,20200210,10
33,2020-02-08,32.5,NAW,N,Y,Y,9,NA,8.1,2/10/20,20200210,2.5
33,2020-02-09,37.5,NAW,N,Y,Y,9,NA,8.1,2/10/20,20200210,5
33,2020-02-10,55,NAW,N,Y,Y,9,NA,8.1,2/10/20,20200210,17.5
34,2020-01-31,0,CNN,Y,N,N,9,NA,NA,2/25/20,20200225,0
34,2020-02-04,0,CNN,Y,N,N,9,NA,NA,2/25/20,20200225,0
34,2020-02-05,3.75,CNN,Y,N,N,9,NA,NA,2/25/20,20200225,3.75
34,2020-02-06,3.75,CNN,Y,N,N,9,NA,NA,2/25/20,20200225,0
34,2020-02-07,3.75,CNN,Y,N,N,9,NA,NA,2/25/20,20200225,0
34,2020-02-08,3.75,CNN,Y,N,N,9,NA,NA,2/25/20,20200225,0
34,2020-02-09,3.75,CNN,Y,N,N,9,NA,NA,2/25/20,20200225,0
34,2020-02-10,3.75,CNN,Y,N,N,9,NA,NA,2/25/20,20200225,0
34,2020-02-11,3.75,CNN,Y,N,N,9,NA,NA,2/25/20,20200225,0
34,2020-02-12,3.75,CNN,Y,N,N,9,NA,NA,2/25/20,20200225,0
34,2020-02-13,3.75,CNN,Y,N,N,9,NA,NA,2/25/20,20200225,0
34,2020-02-14,3.75,CNN,Y,N,N,9,NA,NA,2/25/20,20200225,0
34,2020-02-15,3.75,CNN,Y,N,N,9,NA,NA,2/25/20,20200225,0
34,2020-02-16,7.5,CNN,Y,N,N,9,NA,NA,2/25/20,20200225,3.75
34,2020-02-17,7.5,CNN,Y,N,N,9,NA,NA,2/25/20,20200225,0
34,2020-02-18,7.5,CNN,Y,N,N,9,NA,NA,2/25/20,20200225,0
34,2020-02-19,7.5,CNN,Y,N,N,9,NA,NA,2/25/20,20200225,0
34,2020-02-20,7.5,CNN,Y,N,N,9,NA,NA,2/25/20,20200225,0
34,2020-02-21,7.5,CNN,Y,N,N,9,NA,NA,2/25/20,20200225,0
34,2020-02-22,7.5,CNN,Y,N,N,9,NA,NA,2/25/20,20200225,0
34,2020-02-23,7.5,CNN,Y,N,N,9,NA,NA,2/25/20,20200225,0
34,2020-02-24,7.5,CNN,Y,N,N,9,NA,NA,2/25/20,20200225,0
34,2020-02-25,7.5,CNN,Y,N,N,9,NA,NA,2/25/20,20200225,0
35,2020-01-31,0,CAW,Y,Y,Y,9,NA,6.77,2/7/20,20200207,0
35,2020-02-04,7.5,CAW,Y,Y,Y,9,NA,6.77,2/7/20,20200207,7.5
35,2020-02-05,25,CAW,Y,Y,Y,9,NA,6.77,2/7/20,20200207,17.5
35,2020-02-06,41.5,CAW,Y,Y,Y,9,NA,6.77,2/7/20,20200207,16.5
35,2020-02-07,48.75,CAW,Y,Y,Y,9,NA,6.77,2/7/20,20200207,7.25
36,2020-01-31,0,CNW,Y,N,Y,9,10550958,NA,2/25/20,20200225,0
36,2020-02-04,3.75,CNW,Y,N,Y,9,10550958,NA,2/25/20,20200225,3.75
36,2020-02-05,11.25,CNW,Y,N,Y,9,10550958,NA,2/25/20,20200225,7.5
36,2020-02-06,11.25,CNW,Y,N,Y,9,10550958,NA,2/25/20,20200225,0
36,2020-02-07,11.25,CNW,Y,N,Y,9,10550958,NA,2/25/20,20200225,0
36,2020-02-08,11.25,CNW,Y,N,Y,9,10550958,NA,2/25/20,20200225,0
36,2020-02-09,11.25,CNW,Y,N,Y,9,10550958,NA,2/25/20,20200225,0
36,2020-02-10,11.25,CNW,Y,N,Y,9,10550958,NA,2/25/20,20200225,0
36,2020-02-11,11.25,CNW,Y,N,Y,9,10550958,NA,2/25/20,20200225,0
36,2020-02-12,11.25,CNW,Y,N,Y,9,10550958,NA,2/25/20,20200225,0
36,2020-02-13,11.25,CNW,Y,N,Y,9,10550958,NA,2/25/20,20200225,0
36,2020-02-14,11.25,CNW,Y,N,Y,9,10550958,NA,2/25/20,20200225,0
36,2020-02-15,11.25,CNW,Y,N,Y,9,10550958,NA,2/25/20,20200225,0
36,2020-02-16,11.25,CNW,Y,N,Y,9,10550958,NA,2/25/20,20200225,0
36,2020-02-17,11.25,CNW,Y,N,Y,9,10550958,NA,2/25/20,20200225,0
36,2020-02-18,11.25,CNW,Y,N,Y,9,10550958,NA,2/25/20,20200225,0
36,2020-02-19,11.25,CNW,Y,N,Y,9,10550958,NA,2/25/20,20200225,0
36,2020-02-20,11.25,CNW,Y,N,Y,9,10550958,NA,2/25/20,20200225,0
36,2020-02-21,11.25,CNW,Y,N,Y,9,10550958,NA,2/25/20,20200225,0
36,2020-02-22,13.75,CNW,Y,N,Y,9,10550958,NA,2/25/20,20200225,2.5
36,2020-02-23,13.75,CNW,Y,N,Y,9,10550958,NA,2/25/20,20200225,0
36,2020-02-24,13.75,CNW,Y,N,Y,9,10550958,NA,2/25/20,20200225,0
36,2020-02-25,13.75,CNW,Y,N,Y,9,10550958,NA,2/25/20,20200225,0
37,2020-01-31,0,CAN,Y,Y,N,10,NA,6.9,2/23/20,20200223,0
37,2020-02-04,0,CAN,Y,Y,N,10,NA,6.9,2/23/20,20200223,0
37,2020-02-05,17.5,CAN,Y,Y,N,10,NA,6.9,2/23/20,20200223,17.5
37,2020-02-06,17.5,CAN,Y,Y,N,10,NA,6.9,2/23/20,20200223,0
37,2020-02-07,35,CAN,Y,Y,N,10,NA,6.9,2/23/20,20200223,17.5
37,2020-02-08,37.5,CAN,Y,Y,N,10,NA,6.9,2/23/20,20200223,2.5
37,2020-02-09,37.5,CAN,Y,Y,N,10,NA,6.9,2/23/20,20200223,0
37,2020-02-10,37.5,CAN,Y,Y,N,10,NA,6.9,2/23/20,20200223,0
37,2020-02-11,37.5,CAN,Y,Y,N,10,NA,6.9,2/23/20,20200223,0
37,2020-02-12,42.5,CAN,Y,Y,N,10,NA,6.9,2/23/20,20200223,5
37,2020-02-13,42.5,CAN,Y,Y,N,10,NA,6.9,2/23/20,20200223,0
37,2020-02-14,42.5,CAN,Y,Y,N,10,NA,6.9,2/23/20,20200223,0
37,2020-02-15,42.5,CAN,Y,Y,N,10,NA,6.9,2/23/20,20200223,0
37,2020-02-16,42.5,CAN,Y,Y,N,10,NA,6.9,2/23/20,20200223,0
37,2020-02-17,42.5,CAN,Y,Y,N,10,NA,6.9,2/23/20,20200223,0
37,2020-02-18,42.5,CAN,Y,Y,N,10,NA,6.9,2/23/20,20200223,0
37,2020-02-19,42.5,CAN,Y,Y,N,10,NA,6.9,2/23/20,20200223,0
37,2020-02-20,42.5,CAN,Y,Y,N,10,NA,6.9,2/23/20,20200223,0
37,2020-02-21,42.5,CAN,Y,Y,N,10,NA,6.9,2/23/20,20200223,0
37,2020-02-22,45,CAN,Y,Y,N,10,NA,6.9,2/23/20,20200223,2.5
37,2020-02-23,80,CAN,Y,Y,N,10,NA,6.9,2/23/20,20200223,35
38,2020-01-31,0,NNN,N,N,N,10,NA,NA,2/19/20,20200219,0
38,2020-02-04,7.5,NNN,N,N,N,10,NA,NA,2/19/20,20200219,7.5
38,2020-02-05,25,NNN,N,N,N,10,NA,NA,2/19/20,20200219,17.5
38,2020-02-06,35,NNN,N,N,N,10,NA,NA,2/19/20,20200219,10
38,2020-02-07,35,NNN,N,N,N,10,NA,NA,2/19/20,20200219,0
38,2020-02-08,35,NNN,N,N,N,10,NA,NA,2/19/20,20200219,0
38,2020-02-09,35,NNN,N,N,N,10,NA,NA,2/19/20,20200219,0
38,2020-02-10,37.5,NNN,N,N,N,10,NA,NA,2/19/20,20200219,2.5
38,2020-02-11,37.5,NNN,N,N,N,10,NA,NA,2/19/20,20200219,0
38,2020-02-12,37.5,NNN,N,N,N,10,NA,NA,2/19/20,20200219,0
38,2020-02-13,37.5,NNN,N,N,N,10,NA,NA,2/19/20,20200219,0
38,2020-02-14,37.5,NNN,N,N,N,10,NA,NA,2/19/20,20200219,0
38,2020-02-15,37.5,NNN,N,N,N,10,NA,NA,2/19/20,20200219,0
38,2020-02-16,37.5,NNN,N,N,N,10,NA,NA,2/19/20,20200219,0
38,2020-02-17,37.5,NNN,N,N,N,10,NA,NA,2/19/20,20200219,0
38,2020-02-18,37.5,NNN,N,N,N,10,NA,NA,2/19/20,20200219,0
38,2020-02-19,52.5,NNN,N,N,N,10,NA,NA,2/19/20,20200219,15
39,2020-01-31,5,NAN,N,Y,N,10,NA,6.01,2/19/20,20200219,0
39,2020-02-04,10,NAN,N,Y,N,10,NA,6.01,2/19/20,20200219,5
39,2020-02-05,15,NAN,N,Y,N,10,NA,6.01,2/19/20,20200219,5
39,2020-02-06,17.5,NAN,N,Y,N,10,NA,6.01,2/19/20,20200219,2.5
39,2020-02-07,20,NAN,N,Y,N,10,NA,6.01,2/19/20,20200219,2.5
39,2020-02-08,30,NAN,N,Y,N,10,NA,6.01,2/19/20,20200219,10
39,2020-02-09,30,NAN,N,Y,N,10,NA,6.01,2/19/20,20200219,0
39,2020-02-10,35,NAN,N,Y,N,10,NA,6.01,2/19/20,20200219,5
39,2020-02-11,35,NAN,N,Y,N,10,NA,6.01,2/19/20,20200219,0
39,2020-02-12,35,NAN,N,Y,N,10,NA,6.01,2/19/20,20200219,0
39,2020-02-13,35,NAN,N,Y,N,10,NA,6.01,2/19/20,20200219,0
39,2020-02-14,35,NAN,N,Y,N,10,NA,6.01,2/19/20,20200219,0
39,2020-02-15,40,NAN,N,Y,N,10,NA,6.01,2/19/20,20200219,5
39,2020-02-16,45,NAN,N,Y,N,10,NA,6.01,2/19/20,20200219,5
39,2020-02-17,50,NAN,N,Y,N,10,NA,6.01,2/19/20,20200219,5
39,2020-02-18,50,NAN,N,Y,N,10,NA,6.01,2/19/20,20200219,0
39,2020-02-19,62.5,NAN,N,Y,N,10,NA,6.01,2/19/20,20200219,12.5
40,2020-01-31,0,NNW,N,N,Y,10,NA,NA,2/25/20,20200225,0
40,2020-02-04,10,NNW,N,N,Y,10,NA,NA,2/25/20,20200225,10
40,2020-02-05,25,NNW,N,N,Y,10,NA,NA,2/25/20,20200225,15
40,2020-02-06,27.5,NNW,N,N,Y,10,NA,NA,2/25/20,20200225,2.5
40,2020-02-07,27.5,NNW,N,N,Y,10,NA,NA,2/25/20,20200225,0
40,2020-02-08,27.5,NNW,N,N,Y,10,NA,NA,2/25/20,20200225,0
40,2020-02-09,27.5,NNW,N,N,Y,10,NA,NA,2/25/20,20200225,0
40,2020-02-10,27.5,NNW,N,N,Y,10,NA,NA,2/25/20,20200225,0
40,2020-02-11,27.5,NNW,N,N,Y,10,NA,NA,2/25/20,20200225,0
40,2020-02-12,27.5,NNW,N,N,Y,10,NA,NA,2/25/20,20200225,0
40,2020-02-13,27.5,NNW,N,N,Y,10,NA,NA,2/25/20,20200225,0
40,2020-02-14,27.5,NNW,N,N,Y,10,NA,NA,2/25/20,20200225,0
40,2020-02-15,27.5,NNW,N,N,Y,10,NA,NA,2/25/20,20200225,0
40,2020-02-16,27.5,NNW,N,N,Y,10,NA,NA,2/25/20,20200225,0
40,2020-02-17,27.5,NNW,N,N,Y,10,NA,NA,2/25/20,20200225,0
40,2020-02-18,27.5,NNW,N,N,Y,10,NA,NA,2/25/20,20200225,0
40,2020-02-19,27.5,NNW,N,N,Y,10,NA,NA,2/25/20,20200225,0
40,2020-02-20,27.5,NNW,N,N,Y,10,NA,NA,2/25/20,20200225,0
40,2020-02-21,27.5,NNW,N,N,Y,10,NA,NA,2/25/20,20200225,0
40,2020-02-22,27.5,NNW,N,N,Y,10,NA,NA,2/25/20,20200225,0
40,2020-02-23,27.5,NNW,N,N,Y,10,NA,NA,2/25/20,20200225,0
40,2020-02-24,27.5,NNW,N,N,Y,10,NA,NA,2/25/20,20200225,0
40,2020-02-25,27.5,NNW,N,N,Y,10,NA,NA,2/25/20,20200225,0
41,2020-01-31,0,NAN,N,Y,N,11,10551956,6.21,2/7/20,20200207,0
41,2020-02-04,0,NAN,N,Y,N,11,10551956,6.21,2/7/20,20200207,0
41,2020-02-05,5,NAN,N,Y,N,11,10551956,6.21,2/7/20,20200207,5
41,2020-02-06,45,NAN,N,Y,N,11,10551956,6.21,2/7/20,20200207,40
41,2020-02-07,95,NAN,N,Y,N,11,10551956,6.21,2/7/20,20200207,50
42,2020-01-31,2.5,NAW,N,Y,Y,11,NA,6.62,2/6/20,20200206,0
42,2020-02-04,9,NAW,N,Y,Y,11,NA,6.62,2/6/20,20200206,6.5
42,2020-02-05,26.5,NAW,N,Y,Y,11,NA,6.62,2/6/20,20200206,17.5
42,2020-02-06,60,NAW,N,Y,Y,11,NA,6.62,2/6/20,20200206,33.5
43,2020-01-31,0,NNW,N,N,Y,11,NA,NA,2/9/20,20200209,0
43,2020-02-04,2.5,NNW,N,N,Y,11,NA,NA,2/9/20,20200209,2.5
43,2020-02-05,2.5,NNW,N,N,Y,11,NA,NA,2/9/20,20200209,0
43,2020-02-06,5,NNW,N,N,Y,11,NA,NA,2/9/20,20200209,2.5
43,2020-02-07,45,NNW,N,N,Y,11,NA,NA,2/9/20,20200209,40
43,2020-02-08,47.5,NNW,N,N,Y,11,NA,NA,2/9/20,20200209,2.5
43,2020-02-09,70,NNW,N,N,Y,11,NA,NA,2/9/20,20200209,22.5
44,2020-01-31,0,CNW,Y,N,Y,11,NA,NA,2/25/20,20200225,0
44,2020-02-04,2.5,CNW,Y,N,Y,11,NA,NA,2/25/20,20200225,2.5
44,2020-02-05,2.5,CNW,Y,N,Y,11,NA,NA,2/25/20,20200225,0
44,2020-02-06,2.5,CNW,Y,N,Y,11,NA,NA,2/25/20,20200225,0
44,2020-02-07,2.5,CNW,Y,N,Y,11,NA,NA,2/25/20,20200225,0
44,2020-02-08,2.5,CNW,Y,N,Y,11,NA,NA,2/25/20,20200225,0
44,2020-02-09,2.5,CNW,Y,N,Y,11,NA,NA,2/25/20,20200225,0
44,2020-02-10,2.5,CNW,Y,N,Y,11,NA,NA,2/25/20,20200225,0
44,2020-02-11,2.5,CNW,Y,N,Y,11,NA,NA,2/25/20,20200225,0
44,2020-02-12,2.5,CNW,Y,N,Y,11,NA,NA,2/25/20,20200225,0
44,2020-02-13,2.5,CNW,Y,N,Y,11,NA,NA,2/25/20,20200225,0
44,2020-02-14,2.5,CNW,Y,N,Y,11,NA,NA,2/25/20,20200225,0
44,2020-02-15,2.5,CNW,Y,N,Y,11,NA,NA,2/25/20,20200225,0
44,2020-02-16,2.5,CNW,Y,N,Y,11,NA,NA,2/25/20,20200225,0
44,2020-02-17,2.5,CNW,Y,N,Y,11,NA,NA,2/25/20,20200225,0
44,2020-02-18,2.5,CNW,Y,N,Y,11,NA,NA,2/25/20,20200225,0
44,2020-02-19,2.5,CNW,Y,N,Y,11,NA,NA,2/25/20,20200225,0
44,2020-02-20,2.5,CNW,Y,N,Y,11,NA,NA,2/25/20,20200225,0
44,2020-02-21,2.5,CNW,Y,N,Y,11,NA,NA,2/25/20,20200225,0
44,2020-02-22,2.5,CNW,Y,N,Y,11,NA,NA,2/25/20,20200225,0
44,2020-02-23,2.5,CNW,Y,N,Y,11,NA,NA,2/25/20,20200225,0
44,2020-02-24,2.5,CNW,Y,N,Y,11,NA,NA,2/25/20,20200225,0
44,2020-02-25,2.5,CNW,Y,N,Y,11,NA,NA,2/25/20,20200225,0
45,2020-01-31,0,NNN,N,N,N,12,NA,NA,2/20/20,20200220,0
45,2020-02-04,2.5,NNN,N,N,N,12,NA,NA,2/20/20,20200220,2.5
45,2020-02-05,2.5,NNN,N,N,N,12,NA,NA,2/20/20,20200220,0
45,2020-02-06,2.5,NNN,N,N,N,12,NA,NA,2/20/20,20200220,0
45,2020-02-07,2.5,NNN,N,N,N,12,NA,NA,2/20/20,20200220,0
45,2020-02-08,2.5,NNN,N,N,N,12,NA,NA,2/20/20,20200220,0
45,2020-02-09,2.5,NNN,N,N,N,12,NA,NA,2/20/20,20200220,0
45,2020-02-10,2.5,NNN,N,N,N,12,NA,NA,2/20/20,20200220,0
45,2020-02-11,2.5,NNN,N,N,N,12,NA,NA,2/20/20,20200220,0
45,2020-02-12,2.5,NNN,N,N,N,12,NA,NA,2/20/20,20200220,0
45,2020-02-13,2.5,NNN,N,N,N,12,NA,NA,2/20/20,20200220,0
45,2020-02-14,2.5,NNN,N,N,N,12,NA,NA,2/20/20,20200220,0
45,2020-02-15,2.5,NNN,N,N,N,12,NA,NA,2/20/20,20200220,0
45,2020-02-16,2.5,NNN,N,N,N,12,NA,NA,2/20/20,20200220,0
45,2020-02-17,2.5,NNN,N,N,N,12,NA,NA,2/20/20,20200220,0
45,2020-02-18,2.5,NNN,N,N,N,12,NA,NA,2/20/20,20200220,0
45,2020-02-19,2.5,NNN,N,N,N,12,NA,NA,2/20/20,20200220,0
45,2020-02-20,57.5,NNN,N,N,N,12,NA,NA,2/20/20,20200220,55
46,2020-01-31,2.5,CAN,Y,Y,N,12,NA,6.57,2/22/20,20200222,0
46,2020-02-04,5,CAN,Y,Y,N,12,NA,6.57,2/22/20,20200222,2.5
46,2020-02-05,5,CAN,Y,Y,N,12,NA,6.57,2/22/20,20200222,0
46,2020-02-06,5,CAN,Y,Y,N,12,NA,6.57,2/22/20,20200222,0
46,2020-02-07,5,CAN,Y,Y,N,12,NA,6.57,2/22/20,20200222,0
46,2020-02-08,5,CAN,Y,Y,N,12,NA,6.57,2/22/20,20200222,0
46,2020-02-09,5,CAN,Y,Y,N,12,NA,6.57,2/22/20,20200222,0
46,2020-02-10,5,CAN,Y,Y,N,12,NA,6.57,2/22/20,20200222,0
46,2020-02-11,5,CAN,Y,Y,N,12,NA,6.57,2/22/20,20200222,0
46,2020-02-12,5,CAN,Y,Y,N,12,NA,6.57,2/22/20,20200222,0
46,2020-02-13,5,CAN,Y,Y,N,12,NA,6.57,2/22/20,20200222,0
46,2020-02-14,10,CAN,Y,Y,N,12,NA,6.57,2/22/20,20200222,5
46,2020-02-15,10,CAN,Y,Y,N,12,NA,6.57,2/22/20,20200222,0
46,2020-02-16,12.5,CAN,Y,Y,N,12,NA,6.57,2/22/20,20200222,2.5
46,2020-02-17,15,CAN,Y,Y,N,12,NA,6.57,2/22/20,20200222,2.5
46,2020-02-18,20,CAN,Y,Y,N,12,NA,6.57,2/22/20,20200222,5
46,2020-02-19,22.5,CAN,Y,Y,N,12,NA,6.57,2/22/20,20200222,2.5
46,2020-02-20,32.5,CAN,Y,Y,N,12,NA,6.57,2/22/20,20200222,10
46,2020-02-21,45,CAN,Y,Y,N,12,NA,6.57,2/22/20,20200222,12.5
46,2020-02-22,50,CAN,Y,Y,N,12,NA,6.57,2/22/20,20200222,5
47,2020-01-31,0,CNN,Y,N,N,12,NA,NA,2/25/20,20200225,0
47,2020-02-04,0,CNN,Y,N,N,12,NA,NA,2/25/20,20200225,0
47,2020-02-05,0,CNN,Y,N,N,12,NA,NA,2/25/20,20200225,0
47,2020-02-06,0,CNN,Y,N,N,12,NA,NA,2/25/20,20200225,0
47,2020-02-07,0,CNN,Y,N,N,12,NA,NA,2/25/20,20200225,0
47,2020-02-08,0,CNN,Y,N,N,12,NA,NA,2/25/20,20200225,0
47,2020-02-09,0,CNN,Y,N,N,12,NA,NA,2/25/20,20200225,0
47,2020-02-10,0,CNN,Y,N,N,12,NA,NA,2/25/20,20200225,0
47,2020-02-11,0,CNN,Y,N,N,12,NA,NA,2/25/20,20200225,0
47,2020-02-12,0,CNN,Y,N,N,12,NA,NA,2/25/20,20200225,0
47,2020-02-13,0,CNN,Y,N,N,12,NA,NA,2/25/20,20200225,0
47,2020-02-14,0,CNN,Y,N,N,12,NA,NA,2/25/20,20200225,0
47,2020-02-15,0,CNN,Y,N,N,12,NA,NA,2/25/20,20200225,0
47,2020-02-16,0,CNN,Y,N,N,12,NA,NA,2/25/20,20200225,0
47,2020-02-17,0,CNN,Y,N,N,12,NA,NA,2/25/20,20200225,0
47,2020-02-18,0,CNN,Y,N,N,12,NA,NA,2/25/20,20200225,0
47,2020-02-19,0,CNN,Y,N,N,12,NA,NA,2/25/20,20200225,0
47,2020-02-20,1.25,CNN,Y,N,N,12,NA,NA,2/25/20,20200225,1.25
47,2020-02-21,1.25,CNN,Y,N,N,12,NA,NA,2/25/20,20200225,0
47,2020-02-22,1.25,CNN,Y,N,N,12,NA,NA,2/25/20,20200225,0
47,2020-02-23,1.25,CNN,Y,N,N,12,NA,NA,2/25/20,20200225,0
47,2020-02-24,1.25,CNN,Y,N,N,12,NA,NA,2/25/20,20200225,0
47,2020-02-25,1.25,CNN,Y,N,N,12,NA,NA,2/25/20,20200225,0
48,2020-01-31,0,CAW,Y,Y,Y,12,NA,6.05,2/25/20,20200225,0
48,2020-02-04,17.5,CAW,Y,Y,Y,12,NA,6.05,2/25/20,20200225,17.5
48,2020-02-05,20,CAW,Y,Y,Y,12,NA,6.05,2/25/20,20200225,2.5
48,2020-02-06,20,CAW,Y,Y,Y,12,NA,6.05,2/25/20,20200225,0
48,2020-02-07,20,CAW,Y,Y,Y,12,NA,6.05,2/25/20,20200225,0
48,2020-02-08,20,CAW,Y,Y,Y,12,NA,6.05,2/25/20,20200225,0
48,2020-02-09,20,CAW,Y,Y,Y,12,NA,6.05,2/25/20,20200225,0
48,2020-02-10,20,CAW,Y,Y,Y,12,NA,6.05,2/25/20,20200225,0
48,2020-02-11,20,CAW,Y,Y,Y,12,NA,6.05,2/25/20,20200225,0
48,2020-02-12,20,CAW,Y,Y,Y,12,NA,6.05,2/25/20,20200225,0
48,2020-02-13,20,CAW,Y,Y,Y,12,NA,6.05,2/25/20,20200225,0
48,2020-02-14,20,CAW,Y,Y,Y,12,NA,6.05,2/25/20,20200225,0
48,2020-02-15,20,CAW,Y,Y,Y,12,NA,6.05,2/25/20,20200225,0
48,2020-02-16,20,CAW,Y,Y,Y,12,NA,6.05,2/25/20,20200225,0
48,2020-02-17,20,CAW,Y,Y,Y,12,NA,6.05,2/25/20,20200225,0
48,2020-02-18,22.5,CAW,Y,Y,Y,12,NA,6.05,2/25/20,20200225,2.5
48,2020-02-19,22.5,CAW,Y,Y,Y,12,NA,6.05,2/25/20,20200225,0
48,2020-02-20,22.5,CAW,Y,Y,Y,12,NA,6.05,2/25/20,20200225,0
48,2020-02-21,22.5,CAW,Y,Y,Y,12,NA,6.05,2/25/20,20200225,0
48,2020-02-22,22.5,CAW,Y,Y,Y,12,NA,6.05,2/25/20,20200225,0
48,2020-02-23,22.5,CAW,Y,Y,Y,12,NA,6.05,2/25/20,20200225,0
48,2020-02-24,22.5,CAW,Y,Y,Y,12,NA,6.05,2/25/20,20200225,0
48,2020-02-25,22.5,CAW,Y,Y,Y,12,NA,6.05,2/25/20,20200225,0
49,2020-01-31,0,NNN,N,N,N,13,NA,NA,2/25/20,20200225,0
49,2020-02-04,0,NNN,N,N,N,13,NA,NA,2/25/20,20200225,0
49,2020-02-05,7.5,NNN,N,N,N,13,NA,NA,2/25/20,20200225,7.5
49,2020-02-06,10,NNN,N,N,N,13,NA,NA,2/25/20,20200225,2.5
49,2020-02-07,12.5,NNN,N,N,N,13,NA,NA,2/25/20,20200225,2.5
49,2020-02-08,12.5,NNN,N,N,N,13,NA,NA,2/25/20,20200225,0
49,2020-02-09,12.5,NNN,N,N,N,13,NA,NA,2/25/20,20200225,0
49,2020-02-10,12.5,NNN,N,N,N,13,NA,NA,2/25/20,20200225,0
49,2020-02-11,12.5,NNN,N,N,N,13,NA,NA,2/25/20,20200225,0
49,2020-02-12,12.5,NNN,N,N,N,13,NA,NA,2/25/20,20200225,0
49,2020-02-13,12.5,NNN,N,N,N,13,NA,NA,2/25/20,20200225,0
49,2020-02-14,12.5,NNN,N,N,N,13,NA,NA,2/25/20,20200225,0
49,2020-02-15,12.5,NNN,N,N,N,13,NA,NA,2/25/20,20200225,0
49,2020-02-16,12.5,NNN,N,N,N,13,NA,NA,2/25/20,20200225,0
49,2020-02-17,12.5,NNN,N,N,N,13,NA,NA,2/25/20,20200225,0
49,2020-02-18,12.5,NNN,N,N,N,13,NA,NA,2/25/20,20200225,0
49,2020-02-19,12.5,NNN,N,N,N,13,NA,NA,2/25/20,20200225,0
49,2020-02-20,15,NNN,N,N,N,13,NA,NA,2/25/20,20200225,2.5
49,2020-02-21,16.5,NNN,N,N,N,13,NA,NA,2/25/20,20200225,1.5
49,2020-02-22,16.5,NNN,N,N,N,13,NA,NA,2/25/20,20200225,0
49,2020-02-23,16.5,NNN,N,N,N,13,NA,NA,2/25/20,20200225,0
49,2020-02-24,16.5,NNN,N,N,N,13,NA,NA,2/25/20,20200225,0
49,2020-02-25,16.5,NNN,N,N,N,13,NA,NA,2/25/20,20200225,0
50,2020-01-31,0,CNW,Y,N,Y,13,10550960,NA,2/25/20,20200225,0
50,2020-02-04,6.5,CNW,Y,N,Y,13,10550960,NA,2/25/20,20200225,6.5
50,2020-02-05,6.5,CNW,Y,N,Y,13,10550960,NA,2/25/20,20200225,0
50,2020-02-06,6.5,CNW,Y,N,Y,13,10550960,NA,2/25/20,20200225,0
50,2020-02-07,6.5,CNW,Y,N,Y,13,10550960,NA,2/25/20,20200225,0
50,2020-02-08,6.5,CNW,Y,N,Y,13,10550960,NA,2/25/20,20200225,0
50,2020-02-09,6.5,CNW,Y,N,Y,13,10550960,NA,2/25/20,20200225,0
50,2020-02-10,6.5,CNW,Y,N,Y,13,10550960,NA,2/25/20,20200225,0
50,2020-02-11,6.5,CNW,Y,N,Y,13,10550960,NA,2/25/20,20200225,0
50,2020-02-12,6.5,CNW,Y,N,Y,13,10550960,NA,2/25/20,20200225,0
50,2020-02-13,6.5,CNW,Y,N,Y,13,10550960,NA,2/25/20,20200225,0
50,2020-02-14,6.5,CNW,Y,N,Y,13,10550960,NA,2/25/20,20200225,0
50,2020-02-15,6.5,CNW,Y,N,Y,13,10550960,NA,2/25/20,20200225,0
50,2020-02-16,6.5,CNW,Y,N,Y,13,10550960,NA,2/25/20,20200225,0
50,2020-02-17,6.5,CNW,Y,N,Y,13,10550960,NA,2/25/20,20200225,0
50,2020-02-18,6.5,CNW,Y,N,Y,13,10550960,NA,2/25/20,20200225,0
50,2020-02-19,6.5,CNW,Y,N,Y,13,10550960,NA,2/25/20,20200225,0
50,2020-02-20,6.5,CNW,Y,N,Y,13,10550960,NA,2/25/20,20200225,0
50,2020-02-21,6.5,CNW,Y,N,Y,13,10550960,NA,2/25/20,20200225,0
50,2020-02-22,6.5,CNW,Y,N,Y,13,10550960,NA,2/25/20,20200225,0
50,2020-02-23,6.5,CNW,Y,N,Y,13,10550960,NA,2/25/20,20200225,0
50,2020-02-24,6.5,CNW,Y,N,Y,13,10550960,NA,2/25/20,20200225,0
50,2020-02-25,6.5,CNW,Y,N,Y,13,10550960,NA,2/25/20,20200225,0
51,2020-01-31,0,CAW,Y,Y,Y,13,NA,7.27,2/25/20,20200225,0
51,2020-02-04,0,CAW,Y,Y,Y,13,NA,7.27,2/25/20,20200225,0
51,2020-02-05,7.5,CAW,Y,Y,Y,13,NA,7.27,2/25/20,20200225,7.5
51,2020-02-06,7.5,CAW,Y,Y,Y,13,NA,7.27,2/25/20,20200225,0
51,2020-02-07,7.5,CAW,Y,Y,Y,13,NA,7.27,2/25/20,20200225,0
51,2020-02-08,7.5,CAW,Y,Y,Y,13,NA,7.27,2/25/20,20200225,0
51,2020-02-09,7.5,CAW,Y,Y,Y,13,NA,7.27,2/25/20,20200225,0
51,2020-02-10,7.5,CAW,Y,Y,Y,13,NA,7.27,2/25/20,20200225,0
51,2020-02-11,7.5,CAW,Y,Y,Y,13,NA,7.27,2/25/20,20200225,0
51,2020-02-12,7.5,CAW,Y,Y,Y,13,NA,7.27,2/25/20,20200225,0
51,2020-02-13,7.5,CAW,Y,Y,Y,13,NA,7.27,2/25/20,20200225,0
51,2020-02-14,7.5,CAW,Y,Y,Y,13,NA,7.27,2/25/20,20200225,0
51,2020-02-15,7.5,CAW,Y,Y,Y,13,NA,7.27,2/25/20,20200225,0
51,2020-02-16,7.5,CAW,Y,Y,Y,13,NA,7.27,2/25/20,20200225,0
51,2020-02-17,7.5,CAW,Y,Y,Y,13,NA,7.27,2/25/20,20200225,0
51,2020-02-18,7.5,CAW,Y,Y,Y,13,NA,7.27,2/25/20,20200225,0
51,2020-02-19,7.5,CAW,Y,Y,Y,13,NA,7.27,2/25/20,20200225,0
51,2020-02-20,7.5,CAW,Y,Y,Y,13,NA,7.27,2/25/20,20200225,0
51,2020-02-21,7.5,CAW,Y,Y,Y,13,NA,7.27,2/25/20,20200225,0
51,2020-02-22,7.5,CAW,Y,Y,Y,13,NA,7.27,2/25/20,20200225,0
51,2020-02-23,7.5,CAW,Y,Y,Y,13,NA,7.27,2/25/20,20200225,0
51,2020-02-24,7.5,CAW,Y,Y,Y,13,NA,7.27,2/25/20,20200225,0
51,2020-02-25,7.5,CAW,Y,Y,Y,13,NA,7.27,2/25/20,20200225,0
52,2020-01-31,0,NAW,N,Y,Y,13,NA,7.84,2/7/20,20200207,0
52,2020-02-04,15,NAW,N,Y,Y,13,NA,7.84,2/7/20,20200207,15
52,2020-02-05,20,NAW,N,Y,Y,13,NA,7.84,2/7/20,20200207,5
52,2020-02-06,25,NAW,N,Y,Y,13,NA,7.84,2/7/20,20200207,5
52,2020-02-07,42.5,NAW,N,Y,Y,13,NA,7.84,2/7/20,20200207,17.5
53,2020-01-31,0,CNN,Y,N,N,14,NA,NA,2/25/20,20200225,0
53,2020-02-04,0,CNN,Y,N,N,14,NA,NA,2/25/20,20200225,0
53,2020-02-05,12.5,CNN,Y,N,N,14,NA,NA,2/25/20,20200225,12.5
53,2020-02-06,12.5,CNN,Y,N,N,14,NA,NA,2/25/20,20200225,0
53,2020-02-07,12.5,CNN,Y,N,N,14,NA,NA,2/25/20,20200225,0
53,2020-02-08,12.5,CNN,Y,N,N,14,NA,NA,2/25/20,20200225,0
53,2020-02-09,12.5,CNN,Y,N,N,14,NA,NA,2/25/20,20200225,0
53,2020-02-10,12.5,CNN,Y,N,N,14,NA,NA,2/25/20,20200225,0
53,2020-02-11,12.5,CNN,Y,N,N,14,NA,NA,2/25/20,20200225,0
53,2020-02-12,12.5,CNN,Y,N,N,14,NA,NA,2/25/20,20200225,0
53,2020-02-13,12.5,CNN,Y,N,N,14,NA,NA,2/25/20,20200225,0
53,2020-02-14,12.5,CNN,Y,N,N,14,NA,NA,2/25/20,20200225,0
53,2020-02-15,12.5,CNN,Y,N,N,14,NA,NA,2/25/20,20200225,0
53,2020-02-16,12.5,CNN,Y,N,N,14,NA,NA,2/25/20,20200225,0
53,2020-02-17,12.5,CNN,Y,N,N,14,NA,NA,2/25/20,20200225,0
53,2020-02-18,12.5,CNN,Y,N,N,14,NA,NA,2/25/20,20200225,0
53,2020-02-19,12.5,CNN,Y,N,N,14,NA,NA,2/25/20,20200225,0
53,2020-02-20,12.5,CNN,Y,N,N,14,NA,NA,2/25/20,20200225,0
53,2020-02-21,12.5,CNN,Y,N,N,14,NA,NA,2/25/20,20200225,0
53,2020-02-22,12.5,CNN,Y,N,N,14,NA,NA,2/25/20,20200225,0
53,2020-02-23,12.5,CNN,Y,N,N,14,NA,NA,2/25/20,20200225,0
53,2020-02-24,12.5,CNN,Y,N,N,14,NA,NA,2/25/20,20200225,0
53,2020-02-25,12.5,CNN,Y,N,N,14,NA,NA,2/25/20,20200225,0
54,2020-01-31,0,CAN,Y,Y,N,14,NA,8.72,2/6/20,20200206,0
54,2020-02-04,0,CAN,Y,Y,N,14,NA,8.72,2/6/20,20200206,0
54,2020-02-05,15,CAN,Y,Y,N,14,NA,8.72,2/6/20,20200206,15
54,2020-02-06,77.5,CAN,Y,Y,N,14,NA,8.72,2/6/20,20200206,62.5
55,2020-01-31,0,NNW,N,N,Y,14,NA,NA,2/7/20,20200207,0
55,2020-02-04,3.75,NNW,N,N,Y,14,NA,NA,2/7/20,20200207,3.75
55,2020-02-05,7.5,NNW,N,N,Y,14,NA,NA,2/7/20,20200207,3.75
55,2020-02-06,45,NNW,N,N,Y,14,NA,NA,2/7/20,20200207,37.5
55,2020-02-07,95,NNW,N,N,Y,14,NA,NA,2/7/20,20200207,50
56,2020-01-31,2.5,NAN,N,Y,N,14,10550963,7.2,2/6/20,20200206,0
56,2020-02-04,5,NAN,N,Y,N,14,10550963,7.2,2/6/20,20200206,2.5
56,2020-02-05,22.5,NAN,N,Y,N,14,10550963,7.2,2/6/20,20200206,17.5
56,2020-02-06,72.5,NAN,N,Y,N,14,10550963,7.2,2/6/20,20200206,50
57,2020-01-31,2.5,CAN,Y,Y,N,15,NA,6.77,2/7/20,20200207,0
57,2020-02-04,2.5,CAN,Y,Y,N,15,NA,6.77,2/7/20,20200207,0
57,2020-02-05,15,CAN,Y,Y,N,15,NA,6.77,2/7/20,20200207,12.5
57,2020-02-06,20,CAN,Y,Y,N,15,NA,6.77,2/7/20,20200207,5
57,2020-02-07,37.5,CAN,Y,Y,N,15,NA,6.77,2/7/20,20200207,17.5
58,2020-01-31,5,CAW,Y,Y,Y,15,NA,7.95,2/25/20,20200225,0
58,2020-02-04,7.5,CAW,Y,Y,Y,15,NA,7.95,2/25/20,20200225,2.5
58,2020-02-05,22.5,CAW,Y,Y,Y,15,NA,7.95,2/25/20,20200225,15
58,2020-02-06,27.5,CAW,Y,Y,Y,15,NA,7.95,2/25/20,20200225,5
58,2020-02-07,27.5,CAW,Y,Y,Y,15,NA,7.95,2/25/20,20200225,0
58,2020-02-08,27.5,CAW,Y,Y,Y,15,NA,7.95,2/25/20,20200225,0
58,2020-02-09,27.5,CAW,Y,Y,Y,15,NA,7.95,2/25/20,20200225,0
58,2020-02-10,27.5,CAW,Y,Y,Y,15,NA,7.95,2/25/20,20200225,0
58,2020-02-11,27.5,CAW,Y,Y,Y,15,NA,7.95,2/25/20,20200225,0
58,2020-02-12,27.5,CAW,Y,Y,Y,15,NA,7.95,2/25/20,20200225,0
58,2020-02-13,27.5,CAW,Y,Y,Y,15,NA,7.95,2/25/20,20200225,0
58,2020-02-14,27.5,CAW,Y,Y,Y,15,NA,7.95,2/25/20,20200225,0
58,2020-02-15,30,CAW,Y,Y,Y,15,NA,7.95,2/25/20,20200225,2.5
58,2020-02-16,32.5,CAW,Y,Y,Y,15,NA,7.95,2/25/20,20200225,2.5
58,2020-02-17,32.5,CAW,Y,Y,Y,15,NA,7.95,2/25/20,20200225,0
58,2020-02-18,32.5,CAW,Y,Y,Y,15,NA,7.95,2/25/20,20200225,0
58,2020-02-19,32.5,CAW,Y,Y,Y,15,NA,7.95,2/25/20,20200225,0
58,2020-02-20,32.5,CAW,Y,Y,Y,15,NA,7.95,2/25/20,20200225,0
58,2020-02-21,32.5,CAW,Y,Y,Y,15,NA,7.95,2/25/20,20200225,0
58,2020-02-22,32.5,CAW,Y,Y,Y,15,NA,7.95,2/25/20,20200225,0
58,2020-02-23,32.5,CAW,Y,Y,Y,15,NA,7.95,2/25/20,20200225,0
58,2020-02-24,32.5,CAW,Y,Y,Y,15,NA,7.95,2/25/20,20200225,0
58,2020-02-25,32.5,CAW,Y,Y,Y,15,NA,7.95,2/25/20,20200225,0
59,2020-01-31,0,NNN,N,N,N,15,NA,NA,2/22/20,20200222,0
59,2020-02-04,0,NNN,N,N,N,15,NA,NA,2/22/20,20200222,0
59,2020-02-05,2.5,NNN,N,N,N,15,NA,NA,2/22/20,20200222,2.5
59,2020-02-06,5,NNN,N,N,N,15,NA,NA,2/22/20,20200222,2.5
59,2020-02-07,7.5,NNN,N,N,N,15,NA,NA,2/22/20,20200222,2.5
59,2020-02-08,10,NNN,N,N,N,15,NA,NA,2/22/20,20200222,2.5
59,2020-02-09,10,NNN,N,N,N,15,NA,NA,2/22/20,20200222,0
59,2020-02-10,10,NNN,N,N,N,15,NA,NA,2/22/20,20200222,0
59,2020-02-11,10,NNN,N,N,N,15,NA,NA,2/22/20,20200222,0
59,2020-02-12,10,NNN,N,N,N,15,NA,NA,2/22/20,20200222,0
59,2020-02-13,10,NNN,N,N,N,15,NA,NA,2/22/20,20200222,0
59,2020-02-14,10,NNN,N,N,N,15,NA,NA,2/22/20,20200222,0
59,2020-02-15,10,NNN,N,N,N,15,NA,NA,2/22/20,20200222,0
59,2020-02-16,15,NNN,N,N,N,15,NA,NA,2/22/20,20200222,5
59,2020-02-17,15,NNN,N,N,N,15,NA,NA,2/22/20,20200222,0
59,2020-02-18,15,NNN,N,N,N,15,NA,NA,2/22/20,20200222,0
59,2020-02-19,20,NNN,N,N,N,15,NA,NA,2/22/20,20200222,5
59,2020-02-20,22.5,NNN,N,N,N,15,NA,NA,2/22/20,20200222,2.5
59,2020-02-21,30,NNN,N,N,N,15,NA,NA,2/22/20,20200222,7.5
59,2020-02-22,82.5,NNN,N,N,N,15,NA,NA,2/22/20,20200222,52.5
60,2020-01-31,0,CNW,Y,N,Y,15,NA,NA,2/25/20,20200225,0
60,2020-02-04,2.5,CNW,Y,N,Y,15,NA,NA,2/25/20,20200225,2.5
60,2020-02-05,2.5,CNW,Y,N,Y,15,NA,NA,2/25/20,20200225,0
60,2020-02-06,2.5,CNW,Y,N,Y,15,NA,NA,2/25/20,20200225,0
60,2020-02-07,2.5,CNW,Y,N,Y,15,NA,NA,2/25/20,20200225,0
60,2020-02-08,2.5,CNW,Y,N,Y,15,NA,NA,2/25/20,20200225,0
60,2020-02-09,2.5,CNW,Y,N,Y,15,NA,NA,2/25/20,20200225,0
60,2020-02-10,2.5,CNW,Y,N,Y,15,NA,NA,2/25/20,20200225,0
60,2020-02-11,2.5,CNW,Y,N,Y,15,NA,NA,2/25/20,20200225,0
60,2020-02-12,2.5,CNW,Y,N,Y,15,NA,NA,2/25/20,20200225,0
60,2020-02-13,2.5,CNW,Y,N,Y,15,NA,NA,2/25/20,20200225,0
60,2020-02-14,2.5,CNW,Y,N,Y,15,NA,NA,2/25/20,20200225,0
60,2020-02-15,2.5,CNW,Y,N,Y,15,NA,NA,2/25/20,20200225,0
60,2020-02-16,2.5,CNW,Y,N,Y,15,NA,NA,2/25/20,20200225,0
60,2020-02-17,2.5,CNW,Y,N,Y,15,NA,NA,2/25/20,20200225,0
60,2020-02-18,2.5,CNW,Y,N,Y,15,NA,NA,2/25/20,20200225,0
60,2020-02-19,2.5,CNW,Y,N,Y,15,NA,NA,2/25/20,20200225,0
60,2020-02-20,2.5,CNW,Y,N,Y,15,NA,NA,2/25/20,20200225,0
60,2020-02-21,2.5,CNW,Y,N,Y,15,NA,NA,2/25/20,20200225,0
60,2020-02-22,2.5,CNW,Y,N,Y,15,NA,NA,2/25/20,20200225,0
60,2020-02-23,2.5,CNW,Y,N,Y,15,NA,NA,2/25/20,20200225,0
60,2020-02-24,2.5,CNW,Y,N,Y,15,NA,NA,2/25/20,20200225,0
60,2020-02-25,2.5,CNW,Y,N,Y,15,NA,NA,2/25/20,20200225,0
61,2020-01-31,0,NAW,N,Y,Y,16,NA,8.12,2/6/20,20200206,0
61,2020-02-04,16.5,NAW,N,Y,Y,16,NA,8.12,2/6/20,20200206,16.5
61,2020-02-05,37.5,NAW,N,Y,Y,16,NA,8.12,2/6/20,20200206,21
61,2020-02-06,70,NAW,N,Y,Y,16,NA,8.12,2/6/20,20200206,32.5
62,2020-01-31,2.5,NNW,N,N,Y,16,10550962,NA,2/25/20,20200225,0
62,2020-02-04,2.5,NNW,N,N,Y,16,10550962,NA,2/25/20,20200225,0
62,2020-02-05,2.5,NNW,N,N,Y,16,10550962,NA,2/25/20,20200225,0
62,2020-02-06,2.5,NNW,N,N,Y,16,10550962,NA,2/25/20,20200225,0
62,2020-02-07,2.5,NNW,N,N,Y,16,10550962,NA,2/25/20,20200225,0
62,2020-02-08,2.5,NNW,N,N,Y,16,10550962,NA,2/25/20,20200225,0
62,2020-02-09,2.5,NNW,N,N,Y,16,10550962,NA,2/25/20,20200225,0
62,2020-02-10,2.5,NNW,N,N,Y,16,10550962,NA,2/25/20,20200225,0
62,2020-02-11,2.5,NNW,N,N,Y,16,10550962,NA,2/25/20,20200225,0
62,2020-02-12,5,NNW,N,N,Y,16,10550962,NA,2/25/20,20200225,2.5
62,2020-02-13,5,NNW,N,N,Y,16,10550962,NA,2/25/20,20200225,0
62,2020-02-14,5,NNW,N,N,Y,16,10550962,NA,2/25/20,20200225,0
62,2020-02-15,5,NNW,N,N,Y,16,10550962,NA,2/25/20,20200225,0
62,2020-02-16,5,NNW,N,N,Y,16,10550962,NA,2/25/20,20200225,0
62,2020-02-17,5,NNW,N,N,Y,16,10550962,NA,2/25/20,20200225,0
62,2020-02-18,5,NNW,N,N,Y,16,10550962,NA,2/25/20,20200225,0
62,2020-02-19,5,NNW,N,N,Y,16,10550962,NA,2/25/20,20200225,0
62,2020-02-20,10,NNW,N,N,Y,16,10550962,NA,2/25/20,20200225,5
62,2020-02-21,10,NNW,N,N,Y,16,10550962,NA,2/25/20,20200225,0
62,2020-02-22,12.5,NNW,N,N,Y,16,10550962,NA,2/25/20,20200225,2.5
62,2020-02-23,12.5,NNW,N,N,Y,16,10550962,NA,2/25/20,20200225,0
62,2020-02-24,12.5,NNW,N,N,Y,16,10550962,NA,2/25/20,20200225,0
62,2020-02-25,12.5,NNW,N,N,Y,16,10550962,NA,2/25/20,20200225,0
63,2020-01-31,2.5,NAN,N,Y,N,16,NA,8.22,2/8/20,20200208,0
63,2020-02-04,7.5,NAN,N,Y,N,16,NA,8.22,2/8/20,20200208,5
63,2020-02-05,29,NAN,N,Y,N,16,NA,8.22,2/8/20,20200208,21.5
63,2020-02-06,37.5,NAN,N,Y,N,16,NA,8.22,2/8/20,20200208,8.5
63,2020-02-07,47.5,NAN,N,Y,N,16,NA,8.22,2/8/20,20200208,10
63,2020-02-08,72.5,NAN,N,Y,N,16,NA,8.22,2/8/20,20200208,25
64,2020-01-31,0,CNN,Y,N,N,16,NA,NA,2/25/20,20200225,0
64,2020-02-04,0,CNN,Y,N,N,16,NA,NA,2/25/20,20200225,0
64,2020-02-05,2.5,CNN,Y,N,N,16,NA,NA,2/25/20,20200225,2.5
64,2020-02-06,3,CNN,Y,N,N,16,NA,NA,2/25/20,20200225,0.5
64,2020-02-07,3.5,CNN,Y,N,N,16,NA,NA,2/25/20,20200225,0.5
64,2020-02-08,4,CNN,Y,N,N,16,NA,NA,2/25/20,20200225,0.5
64,2020-02-09,4.5,CNN,Y,N,N,16,NA,NA,2/25/20,20200225,0.5
64,2020-02-10,5,CNN,Y,N,N,16,NA,NA,2/25/20,20200225,0.5
64,2020-02-11,5,CNN,Y,N,N,16,NA,NA,2/25/20,20200225,0
64,2020-02-12,5,CNN,Y,N,N,16,NA,NA,2/25/20,20200225,0
64,2020-02-13,5,CNN,Y,N,N,16,NA,NA,2/25/20,20200225,0
64,2020-02-14,5,CNN,Y,N,N,16,NA,NA,2/25/20,20200225,0
64,2020-02-15,5,CNN,Y,N,N,16,NA,NA,2/25/20,20200225,0
64,2020-02-16,5,CNN,Y,N,N,16,NA,NA,2/25/20,20200225,0
64,2020-02-17,5,CNN,Y,N,N,16,NA,NA,2/25/20,20200225,0
64,2020-02-18,5,CNN,Y,N,N,16,NA,NA,2/25/20,20200225,0
64,2020-02-19,5,CNN,Y,N,N,16,NA,NA,2/25/20,20200225,0
64,2020-02-20,5,CNN,Y,N,N,16,NA,NA,2/25/20,20200225,0
64,2020-02-21,5,CNN,Y,N,N,16,NA,NA,2/25/20,20200225,0
64,2020-02-22,5,CNN,Y,N,N,16,NA,NA,2/25/20,20200225,0
64,2020-02-23,5,CNN,Y,N,N,16,NA,NA,2/25/20,20200225,0
64,2020-02-24,5,CNN,Y,N,N,16,NA,NA,2/25/20,20200225,0
64,2020-02-25,5,CNN,Y,N,N,16,NA,NA,2/25/20,20200225,0
65,2020-01-31,0,CNW,Y,N,Y,17,NA,NA,2/25/20,20200225,0
65,2020-02-04,0,CNW,Y,N,Y,17,NA,NA,2/25/20,20200225,0
65,2020-02-05,0,CNW,Y,N,Y,17,NA,NA,2/25/20,20200225,0
65,2020-02-06,0,CNW,Y,N,Y,17,NA,NA,2/25/20,20200225,0
65,2020-02-07,0,CNW,Y,N,Y,17,NA,NA,2/25/20,20200225,0
65,2020-02-08,0,CNW,Y,N,Y,17,NA,NA,2/25/20,20200225,0
65,2020-02-09,0,CNW,Y,N,Y,17,NA,NA,2/25/20,20200225,0
65,2020-02-10,0,CNW,Y,N,Y,17,NA,NA,2/25/20,20200225,0
65,2020-02-11,0,CNW,Y,N,Y,17,NA,NA,2/25/20,20200225,0
65,2020-02-12,0,CNW,Y,N,Y,17,NA,NA,2/25/20,20200225,0
65,2020-02-13,0,CNW,Y,N,Y,17,NA,NA,2/25/20,20200225,0
65,2020-02-14,0,CNW,Y,N,Y,17,NA,NA,2/25/20,20200225,0
65,2020-02-15,0,CNW,Y,N,Y,17,NA,NA,2/25/20,20200225,0
65,2020-02-16,0,CNW,Y,N,Y,17,NA,NA,2/25/20,20200225,0
65,2020-02-17,0,CNW,Y,N,Y,17,NA,NA,2/25/20,20200225,0
65,2020-02-18,0,CNW,Y,N,Y,17,NA,NA,2/25/20,20200225,0
65,2020-02-19,0,CNW,Y,N,Y,17,NA,NA,2/25/20,20200225,0
65,2020-02-20,0,CNW,Y,N,Y,17,NA,NA,2/25/20,20200225,0
65,2020-02-21,0,CNW,Y,N,Y,17,NA,NA,2/25/20,20200225,0
65,2020-02-22,0,CNW,Y,N,Y,17,NA,NA,2/25/20,20200225,0
65,2020-02-23,0,CNW,Y,N,Y,17,NA,NA,2/25/20,20200225,0
65,2020-02-24,0,CNW,Y,N,Y,17,NA,NA,2/25/20,20200225,0
65,2020-02-25,0,CNW,Y,N,Y,17,NA,NA,2/25/20,20200225,0
66,2020-01-31,0,CAW,Y,Y,Y,17,NA,6.42,2/25/20,20200225,0
66,2020-02-04,2.5,CAW,Y,Y,Y,17,NA,6.42,2/25/20,20200225,2.5
66,2020-02-05,2.5,CAW,Y,Y,Y,17,NA,6.42,2/25/20,20200225,0
66,2020-02-06,2.5,CAW,Y,Y,Y,17,NA,6.42,2/25/20,20200225,0
66,2020-02-07,2.5,CAW,Y,Y,Y,17,NA,6.42,2/25/20,20200225,0
66,2020-02-08,2.5,CAW,Y,Y,Y,17,NA,6.42,2/25/20,20200225,0
66,2020-02-09,2.5,CAW,Y,Y,Y,17,NA,6.42,2/25/20,20200225,0
66,2020-02-10,5,CAW,Y,Y,Y,17,NA,6.42,2/25/20,20200225,2.5
66,2020-02-11,7.5,CAW,Y,Y,Y,17,NA,6.42,2/25/20,20200225,2.5
66,2020-02-12,7.5,CAW,Y,Y,Y,17,NA,6.42,2/25/20,20200225,0
66,2020-02-13,7.5,CAW,Y,Y,Y,17,NA,6.42,2/25/20,20200225,0
66,2020-02-14,7.5,CAW,Y,Y,Y,17,NA,6.42,2/25/20,20200225,0
66,2020-02-15,7.5,CAW,Y,Y,Y,17,NA,6.42,2/25/20,20200225,0
66,2020-02-16,7.5,CAW,Y,Y,Y,17,NA,6.42,2/25/20,20200225,0
66,2020-02-17,7.5,CAW,Y,Y,Y,17,NA,6.42,2/25/20,20200225,0
66,2020-02-18,7.5,CAW,Y,Y,Y,17,NA,6.42,2/25/20,20200225,0
66,2020-02-19,12.5,CAW,Y,Y,Y,17,NA,6.42,2/25/20,20200225,5
66,2020-02-20,15,CAW,Y,Y,Y,17,NA,6.42,2/25/20,20200225,2.5
66,2020-02-21,20,CAW,Y,Y,Y,17,NA,6.42,2/25/20,20200225,5
66,2020-02-22,22.5,CAW,Y,Y,Y,17,NA,6.42,2/25/20,20200225,2.5
66,2020-02-23,32.5,CAW,Y,Y,Y,17,NA,6.42,2/25/20,20200225,10
66,2020-02-24,37.5,CAW,Y,Y,Y,17,NA,6.42,2/25/20,20200225,5
66,2020-02-25,42.5,CAW,Y,Y,Y,17,NA,6.42,2/25/20,20200225,5
67,2020-01-31,0,NNW,N,N,Y,17,NA,NA,2/10/20,20200210,0
67,2020-02-04,2.5,NNW,N,N,Y,17,NA,NA,2/10/20,20200210,2.5
67,2020-02-05,11.25,NNW,N,N,Y,17,NA,NA,2/10/20,20200210,8.75
67,2020-02-06,11.25,NNW,N,N,Y,17,NA,NA,2/10/20,20200210,0
67,2020-02-07,17.5,NNW,N,N,Y,17,NA,NA,2/10/20,20200210,6.25
67,2020-02-08,20,NNW,N,N,Y,17,NA,NA,2/10/20,20200210,2.5
67,2020-02-09,41.5,NNW,N,N,Y,17,NA,NA,2/10/20,20200210,21.5
67,2020-02-10,50,NNW,N,N,Y,17,NA,NA,2/10/20,20200210,8.5
68,2020-01-31,0,NAW,N,Y,Y,17,NA,8.12,2/12/20,20200212,0
68,2020-02-04,2.5,NAW,N,Y,Y,17,NA,8.12,2/12/20,20200212,2.5
68,2020-02-05,2.5,NAW,N,Y,Y,17,NA,8.12,2/12/20,20200212,0
68,2020-02-06,3.75,NAW,N,Y,Y,17,NA,8.12,2/12/20,20200212,1.25
68,2020-02-07,7.5,NAW,N,Y,Y,17,NA,8.12,2/12/20,20200212,3.75
68,2020-02-08,10,NAW,N,Y,Y,17,NA,8.12,2/12/20,20200212,2.5
68,2020-02-09,15,NAW,N,Y,Y,17,NA,8.12,2/12/20,20200212,5
68,2020-02-10,20,NAW,N,Y,Y,17,NA,8.12,2/12/20,20200212,5
68,2020-02-11,35,NAW,N,Y,Y,17,NA,8.12,2/12/20,20200212,15
68,2020-02-12,77.5,NAW,N,Y,Y,17,NA,8.12,2/12/20,20200212,42.5
69,2020-01-31,0,NNN,N,N,N,18,NA,NA,2/25/20,20200225,0
69,2020-02-04,2.5,NNN,N,N,N,18,NA,NA,2/25/20,20200225,2.5
69,2020-02-05,2.5,NNN,N,N,N,18,NA,NA,2/25/20,20200225,0
69,2020-02-06,2.5,NNN,N,N,N,18,NA,NA,2/25/20,20200225,0
69,2020-02-07,2.5,NNN,N,N,N,18,NA,NA,2/25/20,20200225,0
69,2020-02-08,2.5,NNN,N,N,N,18,NA,NA,2/25/20,20200225,0
69,2020-02-09,2.5,NNN,N,N,N,18,NA,NA,2/25/20,20200225,0
69,2020-02-10,2.5,NNN,N,N,N,18,NA,NA,2/25/20,20200225,0
69,2020-02-11,2.5,NNN,N,N,N,18,NA,NA,2/25/20,20200225,0
69,2020-02-12,2.5,NNN,N,N,N,18,NA,NA,2/25/20,20200225,0
69,2020-02-13,2.5,NNN,N,N,N,18,NA,NA,2/25/20,20200225,0
69,2020-02-14,2.5,NNN,N,N,N,18,NA,NA,2/25/20,20200225,0
69,2020-02-15,5,NNN,N,N,N,18,NA,NA,2/25/20,20200225,2.5
69,2020-02-16,5,NNN,N,N,N,18,NA,NA,2/25/20,20200225,0
69,2020-02-17,5,NNN,N,N,N,18,NA,NA,2/25/20,20200225,0
69,2020-02-18,5,NNN,N,N,N,18,NA,NA,2/25/20,20200225,0
69,2020-02-19,5,NNN,N,N,N,18,NA,NA,2/25/20,20200225,0
69,2020-02-20,5,NNN,N,N,N,18,NA,NA,2/25/20,20200225,0
69,2020-02-21,5,NNN,N,N,N,18,NA,NA,2/25/20,20200225,0
69,2020-02-22,5,NNN,N,N,N,18,NA,NA,2/25/20,20200225,0
69,2020-02-23,5,NNN,N,N,N,18,NA,NA,2/25/20,20200225,0
69,2020-02-24,5,NNN,N,N,N,18,NA,NA,2/25/20,20200225,0
69,2020-02-25,5,NNN,N,N,N,18,NA,NA,2/25/20,20200225,0
70,2020-01-31,0,CNN,Y,N,N,18,NA,NA,2/25/20,20200225,0
70,2020-02-04,0,CNN,Y,N,N,18,NA,NA,2/25/20,20200225,0
70,2020-02-05,3.75,CNN,Y,N,N,18,NA,NA,2/25/20,20200225,3.75
70,2020-02-06,3.75,CNN,Y,N,N,18,NA,NA,2/25/20,20200225,0
70,2020-02-07,3.75,CNN,Y,N,N,18,NA,NA,2/25/20,20200225,0
70,2020-02-08,3.75,CNN,Y,N,N,18,NA,NA,2/25/20,20200225,0
70,2020-02-09,3.75,CNN,Y,N,N,18,NA,NA,2/25/20,20200225,0
70,2020-02-10,3.75,CNN,Y,N,N,18,NA,NA,2/25/20,20200225,0
70,2020-02-11,3.75,CNN,Y,N,N,18,NA,NA,2/25/20,20200225,0
70,2020-02-12,3.75,CNN,Y,N,N,18,NA,NA,2/25/20,20200225,0
70,2020-02-13,3.75,CNN,Y,N,N,18,NA,NA,2/25/20,20200225,0
70,2020-02-14,3.75,CNN,Y,N,N,18,NA,NA,2/25/20,20200225,0
70,2020-02-15,3.75,CNN,Y,N,N,18,NA,NA,2/25/20,20200225,0
70,2020-02-16,3.75,CNN,Y,N,N,18,NA,NA,2/25/20,20200225,0
70,2020-02-17,3.75,CNN,Y,N,N,18,NA,NA,2/25/20,20200225,0
70,2020-02-18,3.75,CNN,Y,N,N,18,NA,NA,2/25/20,20200225,0
70,2020-02-19,3.75,CNN,Y,N,N,18,NA,NA,2/25/20,20200225,0
70,2020-02-20,3.75,CNN,Y,N,N,18,NA,NA,2/25/20,20200225,0
70,2020-02-21,3.75,CNN,Y,N,N,18,NA,NA,2/25/20,20200225,0
70,2020-02-22,3.75,CNN,Y,N,N,18,NA,NA,2/25/20,20200225,0
70,2020-02-23,3.75,CNN,Y,N,N,18,NA,NA,2/25/20,20200225,0
70,2020-02-24,3.75,CNN,Y,N,N,18,NA,NA,2/25/20,20200225,0
70,2020-02-25,3.75,CNN,Y,N,N,18,NA,NA,2/25/20,20200225,0
71,2020-01-31,0,NAN,N,Y,N,18,10550956,6.22,2/10/20,20200210,0
71,2020-02-04,7.5,NAN,N,Y,N,18,10550956,6.22,2/10/20,20200210,7.5
71,2020-02-05,15,NAN,N,Y,N,18,10550956,6.22,2/10/20,20200210,7.5
71,2020-02-06,22.5,NAN,N,Y,N,18,10550956,6.22,2/10/20,20200210,7.5
71,2020-02-07,25,NAN,N,Y,N,18,10550956,6.22,2/10/20,20200210,2.5
71,2020-02-08,35,NAN,N,Y,N,18,10550956,6.22,2/10/20,20200210,10
71,2020-02-09,35,NAN,N,Y,N,18,10550956,6.22,2/10/20,20200210,0
71,2020-02-10,40,NAN,N,Y,N,18,10550956,6.22,2/10/20,20200210,5
72,2020-01-31,0,CAN,Y,Y,N,18,NA,7.78,2/19/20,20200219,0
72,2020-02-04,9.5,CAN,Y,Y,N,18,NA,7.78,2/19/20,20200219,9.5
72,2020-02-05,22.5,CAN,Y,Y,N,18,NA,7.78,2/19/20,20200219,13
72,2020-02-06,27.5,CAN,Y,Y,N,18,NA,7.78,2/19/20,20200219,5
72,2020-02-07,27.5,CAN,Y,Y,N,18,NA,7.78,2/19/20,20200219,0
72,2020-02-08,32.5,CAN,Y,Y,N,18,NA,7.78,2/19/20,20200219,5
72,2020-02-09,35,CAN,Y,Y,N,18,NA,7.78,2/19/20,20200219,2.5
72,2020-02-10,37.5,CAN,Y,Y,N,18,NA,7.78,2/19/20,20200219,2.5
72,2020-02-11,40,CAN,Y,Y,N,18,NA,7.78,2/19/20,20200219,2.5
72,2020-02-12,47.5,CAN,Y,Y,N,18,NA,7.78,2/19/20,20200219,7.5
72,2020-02-13,47.5,CAN,Y,Y,N,18,NA,7.78,2/19/20,20200219,0
72,2020-02-14,50,CAN,Y,Y,N,18,NA,7.78,2/19/20,20200219,2.5
72,2020-02-15,50,CAN,Y,Y,N,18,NA,7.78,2/19/20,20200219,0
72,2020-02-16,50,CAN,Y,Y,N,18,NA,7.78,2/19/20,20200219,0
72,2020-02-17,50,CAN,Y,Y,N,18,NA,7.78,2/19/20,20200219,0
72,2020-02-18,50,CAN,Y,Y,N,18,NA,7.78,2/19/20,20200219,0
72,2020-02-19,50,CAN,Y,Y,N,18,NA,7.78,2/19/20,20200219,0
73,2020-01-31,0,NNW,N,N,Y,19,10550969,NA,2/25/20,20200225,0
73,2020-02-04,2.5,NNW,N,N,Y,19,10550969,NA,2/25/20,20200225,2.5
73,2020-02-05,2.5,NNW,N,N,Y,19,10550969,NA,2/25/20,20200225,0
73,2020-02-06,2.5,NNW,N,N,Y,19,10550969,NA,2/25/20,20200225,0
73,2020-02-07,2.5,NNW,N,N,Y,19,10550969,NA,2/25/20,20200225,0
73,2020-02-08,2.5,NNW,N,N,Y,19,10550969,NA,2/25/20,20200225,0
73,2020-02-09,2.5,NNW,N,N,Y,19,10550969,NA,2/25/20,20200225,0
73,2020-02-10,2.5,NNW,N,N,Y,19,10550969,NA,2/25/20,20200225,0
73,2020-02-11,2.5,NNW,N,N,Y,19,10550969,NA,2/25/20,20200225,0
73,2020-02-12,2.5,NNW,N,N,Y,19,10550969,NA,2/25/20,20200225,0
73,2020-02-13,2.5,NNW,N,N,Y,19,10550969,NA,2/25/20,20200225,0
73,2020-02-14,2.5,NNW,N,N,Y,19,10550969,NA,2/25/20,20200225,0
73,2020-02-15,2.5,NNW,N,N,Y,19,10550969,NA,2/25/20,20200225,0
73,2020-02-16,2.5,NNW,N,N,Y,19,10550969,NA,2/25/20,20200225,0
73,2020-02-17,2.5,NNW,N,N,Y,19,10550969,NA,2/25/20,20200225,0
73,2020-02-18,2.5,NNW,N,N,Y,19,10550969,NA,2/25/20,20200225,0
73,2020-02-19,2.5,NNW,N,N,Y,19,10550969,NA,2/25/20,20200225,0
73,2020-02-20,3.75,NNW,N,N,Y,19,10550969,NA,2/25/20,20200225,1.25
73,2020-02-21,3.75,NNW,N,N,Y,19,10550969,NA,2/25/20,20200225,0
73,2020-02-22,3.75,NNW,N,N,Y,19,10550969,NA,2/25/20,20200225,0
73,2020-02-23,5,NNW,N,N,Y,19,10550969,NA,2/25/20,20200225,1.25
73,2020-02-24,5,NNW,N,N,Y,19,10550969,NA,2/25/20,20200225,0
73,2020-02-25,5,NNW,N,N,Y,19,10550969,NA,2/25/20,20200225,0
74,2020-01-31,0,NAW,N,Y,Y,19,NA,7.72,2/7/20,20200207,0
74,2020-02-04,13.75,NAW,N,Y,Y,19,NA,7.72,2/7/20,20200207,13.75
74,2020-02-05,22.5,NAW,N,Y,Y,19,NA,7.72,2/7/20,20200207,8.75
74,2020-02-06,30,NAW,N,Y,Y,19,NA,7.72,2/7/20,20200207,7.5
74,2020-02-07,37.5,NAW,N,Y,Y,19,NA,7.72,2/7/20,20200207,7.5
75,2020-01-31,0,NNN,N,N,N,19,NA,NA,2/25/20,20200225,0
75,2020-02-04,0,NNN,N,N,N,19,NA,NA,2/25/20,20200225,0
75,2020-02-05,0,NNN,N,N,N,19,NA,NA,2/25/20,20200225,0
75,2020-02-06,1.25,NNN,N,N,N,19,NA,NA,2/25/20,20200225,1.25
75,2020-02-07,1.25,NNN,N,N,N,19,NA,NA,2/25/20,20200225,0
75,2020-02-08,1.25,NNN,N,N,N,19,NA,NA,2/25/20,20200225,0
75,2020-02-09,1.25,NNN,N,N,N,19,NA,NA,2/25/20,20200225,0
75,2020-02-10,1.25,NNN,N,N,N,19,NA,NA,2/25/20,20200225,0
75,2020-02-11,1.25,NNN,N,N,N,19,NA,NA,2/25/20,20200225,0
75,2020-02-12,1.25,NNN,N,N,N,19,NA,NA,2/25/20,20200225,0
75,2020-02-13,2.5,NNN,N,N,N,19,NA,NA,2/25/20,20200225,1.25
75,2020-02-14,2.5,NNN,N,N,N,19,NA,NA,2/25/20,20200225,0
75,2020-02-15,2.5,NNN,N,N,N,19,NA,NA,2/25/20,20200225,0
75,2020-02-16,2.5,NNN,N,N,N,19,NA,NA,2/25/20,20200225,0
75,2020-02-17,3.75,NNN,N,N,N,19,NA,NA,2/25/20,20200225,1.25
75,2020-02-18,3.75,NNN,N,N,N,19,NA,NA,2/25/20,20200225,0
75,2020-02-19,3.75,NNN,N,N,N,19,NA,NA,2/25/20,20200225,0
75,2020-02-20,5,NNN,N,N,N,19,NA,NA,2/25/20,20200225,1.25
75,2020-02-21,6.25,NNN,N,N,N,19,NA,NA,2/25/20,20200225,1.25
75,2020-02-22,7.5,NNN,N,N,N,19,NA,NA,2/25/20,20200225,1.25
75,2020-02-23,7.5,NNN,N,N,N,19,NA,NA,2/25/20,20200225,0
75,2020-02-24,7.5,NNN,N,N,N,19,NA,NA,2/25/20,20200225,0
75,2020-02-25,7.5,NNN,N,N,N,19,NA,NA,2/25/20,20200225,0
76,2020-01-31,0,CAW,Y,Y,Y,19,NA,7.72,2/15/20,20200215,0
76,2020-02-04,13.75,CAW,Y,Y,Y,19,NA,7.72,2/15/20,20200215,13.75
76,2020-02-05,15,CAW,Y,Y,Y,19,NA,7.72,2/15/20,20200215,1.25
76,2020-02-06,22.5,CAW,Y,Y,Y,19,NA,7.72,2/15/20,20200215,7.5
76,2020-02-07,25,CAW,Y,Y,Y,19,NA,7.72,2/15/20,20200215,2.5
76,2020-02-08,27.5,CAW,Y,Y,Y,19,NA,7.72,2/15/20,20200215,2.5
76,2020-02-09,32.5,CAW,Y,Y,Y,19,NA,7.72,2/15/20,20200215,5
76,2020-02-10,35,CAW,Y,Y,Y,19,NA,7.72,2/15/20,20200215,2.5
76,2020-02-11,35,CAW,Y,Y,Y,19,NA,7.72,2/15/20,20200215,0
76,2020-02-12,37.5,CAW,Y,Y,Y,19,NA,7.72,2/15/20,20200215,2.5
76,2020-02-13,42.5,CAW,Y,Y,Y,19,NA,7.72,2/15/20,20200215,5
76,2020-02-14,45,CAW,Y,Y,Y,19,NA,7.72,2/15/20,20200215,2.5
76,2020-02-15,50,CAW,Y,Y,Y,19,NA,7.72,2/15/20,20200215,5
77,2020-01-31,0,NAN,N,Y,N,20,NA,6.67,2/6/20,20200206,0
77,2020-02-04,12.5,NAN,N,Y,N,20,NA,6.67,2/6/20,20200206,12.5
77,2020-02-05,45,NAN,N,Y,N,20,NA,6.67,2/6/20,20200206,32.5
77,2020-02-06,60,NAN,N,Y,N,20,NA,6.67,2/6/20,20200206,15
78,2020-01-31,3.75,CNN,Y,N,N,20,10551958,NA,2/10/20,20200210,0
78,2020-02-04,3.75,CNN,Y,N,N,20,10551958,NA,2/10/20,20200210,0
78,2020-02-05,11.25,CNN,Y,N,N,20,10551958,NA,2/10/20,20200210,7.5
78,2020-02-06,27.5,CNN,Y,N,N,20,10551958,NA,2/10/20,20200210,16.25
78,2020-02-07,30,CNN,Y,N,N,20,10551958,NA,2/10/20,20200210,2.5
78,2020-02-08,32.5,CNN,Y,N,N,20,10551958,NA,2/10/20,20200210,2.5
78,2020-02-09,42.5,CNN,Y,N,N,20,10551958,NA,2/10/20,20200210,10
78,2020-02-10,97.5,CNN,Y,N,N,20,10551958,NA,2/10/20,20200210,55
79,2020-01-31,2.5,CNW,Y,N,Y,20,NA,NA,2/12/20,20200212,0
79,2020-02-04,3.75,CNW,Y,N,Y,20,NA,NA,2/12/20,20200212,1.25
79,2020-02-05,3.75,CNW,Y,N,Y,20,NA,NA,2/12/20,20200212,0
79,2020-02-06,5,CNW,Y,N,Y,20,NA,NA,2/12/20,20200212,1.25
79,2020-02-07,5,CNW,Y,N,Y,20,NA,NA,2/12/20,20200212,0
79,2020-02-08,5,CNW,Y,N,Y,20,NA,NA,2/12/20,20200212,0
79,2020-02-09,5,CNW,Y,N,Y,20,NA,NA,2/12/20,20200212,0
79,2020-02-10,12.5,CNW,Y,N,Y,20,NA,NA,2/12/20,20200212,7.5
79,2020-02-11,32.5,CNW,Y,N,Y,20,NA,NA,2/12/20,20200212,20
79,2020-02-12,52.5,CNW,Y,N,Y,20,NA,NA,2/12/20,20200212,20
80,2020-01-31,0,CAN,Y,Y,N,20,NA,8.4,2/6/20,20200206,0
80,2020-02-04,0,CAN,Y,Y,N,20,NA,8.4,2/6/20,20200206,0
80,2020-02-05,11.25,CAN,Y,Y,N,20,NA,8.4,2/6/20,20200206,11.25
80,2020-02-06,57.5,CAN,Y,Y,N,20,NA,8.4,2/6/20,20200206,46.25
